:020000040000FA
:10000000300E0020E10500001F0600001D06000064
:1000100000000000000000000000000000000000E0
:10002000000000000000000000000000396A00002D
:10003000000000000000000075680000B5770000B7
:10004000F3050000F3050000F3050000617B0000EC
:1000500000000000094D000000000000556800008D
:10006000F30500000000000057190000F305000030
:1000700000000000017D0000F3050000F305000012
:100080000000000000000000000000000000000070
:100090000000000000000000000000000000000060
:1000A0000000000000000000000000000000000050
:1000B0000000000000000000000000000000000040
:1000C0000000000000000000000000000000000030
:1000D0000000000000000000000000000000000020
:1000E0000000000000000000000000000000000010
:1000F0000000000000000000000000000000000000
:1001000005030300000000000000000000000000E4
:10011000FFFFFFFFFFFFFFFFFFFFFFFFFFFFFFFFEF
:020000040000FA
:10012000140101644BE8030202FB0113DE051B20EE
:10013000DF041AE0041AE1041AE2041AE3041AE4E0
:10014000041AE5041AE6041AE7041AE8041AE90492
:100150001AEA041AEB041AEC041AED041AEE041A53
:10016000EF041AF0041AF1041AF2041AF3041AF450
:10017000041AF5041AF6041AF7041AF8041AF90412
:100180001AFA041AFB041AFC041AFD041AFE041AD3
:10019000FF04135A061B205E048145010162110011
:020000040000FA
:1005200000F002F800F030F80CA030C808382418A9
:100530002D18671EA246AB4654465D46AC4201D11B
:1005400000F022F87E460F3EB6460FCC012633421D
:1005500000D0FB1A3343A246AB461847A4D500008F
:10056000C4D500000023002400250026103A01D342
:1005700078C1FBD8520700D330C100D50B6070475B
:100580001FB51FBD10B510BD01F02CF91146FFF7C6
:10059000F7FF0AF017FF01F044F903B4FFF7F2FF89
:1005A00003BC01F09BF9000070B505460C461646E9
:1005B00002E00FCC0FC5103E102EFAD2082E02D347
:1005C00003CC03C5083E042E07D301CC01C5361F5A
:1005D00003E021782970641C6D1C761EF9D270BD71
:1005E0000748804707480047FEE7FEE7FEE7FEE7CB
:1005F000FEE7FEE704480549034A054B7047000043
:10060000B977000021050000300A0020300E0020DC
:10061000300A00207047704770477047FEE7704708
:10062000583635584343514330B55C18010C130C10
:100630000D4692B25D4380B251432C190546554395
:100640000A0C09044D1962415843010C0004401979
:10065000514130BD70B5054610460C4618430ED0CA
:1006600000210846891A984127DA00210846491BCB
:10067000A04118DA2846214600F0DBFF70BD002CAF
:1006800003DA01230022DB0707E000210846491BAB
:10069000A04102DA0022D243530810461946C04650
:1006A000C0462A4627E000216842A14100F0C1FF70
:1006B000002440428C4121461AE000210846491B93
:1006C000A0410CDA214600205242984103462846B8
:1006D00000F0AFFF002440428C41214670BD002055
:1006E00052429841002103466842A14100F0A1FF17
:1006F000002452429C41234670BD034610B50B4373
:100700009B070FD1042A0DD308C810C9121FA3429A
:10071000F8D018BA21BA884201D9012010BD0020B2
:10072000C04310BD002A03D0D30703D0521C07E0FA
:10073000002010BD03780C78401C491C1B1B07D1FE
:1007400003780C78401C491C1B1B01D1921EF1D16F
:10075000184610BDF8B5042A2CD3830712D00B78A5
:10076000491C0370401C521E83070BD00B78491C98
:100770000370401C521E830704D00B78491C037081
:10078000401C521E8B079B0F05D0C91ADF00202387
:10079000DE1B08C90AE0FFF707FFF8BD1D4608C9C0
:1007A000FD401C46B4402C4310C0121F042AF5D251
:1007B000F308C91A521EF0D40B78491C0370401C70
:1007C000521EEAD40B78491C0370401C012AE4D461
:1007D00009780170F8BD01E004C0091F0429FBD2AB
:1007E0008B0701D50280801CC90700D002707047BA
:1007F00000290BD0C30702D00270401C491E0229F9
:1008000004D3830702D50280801C891EE3E70022FF
:10081000EEE70022DFE70000002203098B4273D3DA
:10082000030A8B4258D3030B8B423CD3030C8B42FD
:1008300021D312E003460B437FD4002243088B42AE
:1008400074D303098B425FD3030A8B4244D3030B57
:100850008B4228D3030C8B420DD30902FF2212BA1C
:10086000030C8B4202D31212090265D0030B8B4298
:1008700019D300E0090AC30B8B4201D3CB03C01A82
:100880005241830B8B4201D38B03C01A5241430B5D
:100890008B4201D34B03C01A5241030B8B4201D34D
:1008A0000B03C01A5241C30A8B4201D3CB02C01AB8
:1008B0005241830A8B4201D38B02C01A5241430A30
:1008C0008B4201D34B02C01A5241030A8B4201D31F
:1008D0000B02C01A5241CDD2C3098B4201D3CB01C6
:1008E000C01A524183098B4201D38B01C01A524175
:1008F00043098B4201D34B01C01A524103098B4279
:1009000001D30B01C01A5241C3088B4201D3CB0063
:10091000C01A524183088B4201D38B00C01A524146
:1009200043088B4201D34B00C01A5241411A00D2F6
:1009300001465241104670475DE0CA0F00D049425F
:10094000031000D3404253409C46002203098B42CF
:100950002DD3030A8B4212D38901FC2212BA030A57
:100960008B420CD3890192118B4208D389019211D9
:100970008B4204D389013AD0921100E08909C3095E
:100980008B4201D3CB01C01A524183098B4201D360
:100990008B01C01A524143098B4201D34B01C01A4B
:1009A000524103098B4201D30B01C01A5241C308C3
:1009B0008B4201D3CB00C01A524183088B4201D332
:1009C0008B00C01A5241D9D243088B4201D34B004D
:1009D000C01A5241411A00D20146524110466346A4
:1009E0005B1001D34042002B00D54942704763465B
:1009F0005B1000D3404201B50449002802DC491CC9
:100A0000084000E00846C046C04602BDFFFFFF7F29
:100A1000F0B50C46871A9C410D46861A9D4103D2BB
:100A2000C01BA141D21963410D0D1F0DC94EEC1B16
:100A3000AE435CD07F057F0D0026002F51D02D05E1
:100A4000AC46A943DD020123ED0A1B051D4320230B
:100A50001B1B24D41746E740381871412F46E74046
:100A6000CC199D402818314661410C0D27D16144B5
:100A70009A4013D50023401C594152000ED1400822
:100A8000400001224B005205D34207D30520400706
:100A9000C14201D5B04900E0B0493046F0BD6B001D
:100AA000002A00D001229A181F23203C1B1B01D5CD
:100AB000002302E0E540281871410C0DD7D0012435
:100AC00024050919C407CD0740084908E40F284345
:100AD0006144002CD5D00024401C61419A40D0D103
:100AE000CDE76A05520DD9D1C90FC907D5E79C4D8D
:100AF0004E00002801D0012400E0002434195F00DA
:100B0000002A01D0012600E00026BE19954FAC4214
:100B10000CD8AE420AD8B44206D001256D05EC428D
:100B2000BCD010461946F0BD9942FCD00020394691
:100B3000F0BDF0B51FB40C460F46811A9F41254603
:100B4000861A9D4106D20125ED076F40401ABC412F
:100B500052187B41210D1E0D8D1BAC467D4D8D43E2
:100B60007ED075056D0D7CD00D05AE46AC431B03E4
:100B70001B0B794D52429D41202366469B1B14D38B
:100B80001746F740381800260090744160462F46FB
:100B90000741E41900989D402818664116D4714613
:100BA00071189A4025D5012320E093182A466A41FE
:100BB0005200002B00D0521C1E23203E9B1B002BFA
:100BC00061DD3541EE1728186641E8D500187641F9
:100BD0005B1C9A4000D3401C4B05F3181524E340DE
:100BE00010D3002B52D071467118D30FC01802D306
:100BF000491C05B0F0BD0123DB079A42F9D140083A
:100C00004000F6E701225205B21801D1002853D066
:100C10000123CC0ADB029943891E002A08D1020C69
:100C200003D0020C0004103902E0024600202039F3
:100C30000023550B05D112020823550B01D1520197
:100C40000D23550C01D112011B1DD50C01D19200B1
:100C50009B1C150D01D152005B1C2025EE1A01E0F2
:100C60002CE022E00546F54015439840CA1AE107FA
:100C700069181305C918002ABBDA032040070818B1
:100C8000C10FC9070FE071466118B2E7F1074008CC
:100C90000843711071444A000CD001235B059A424D
:100CA000A7D2C90FC9070020A3E74905490D26D1DE
:100CB000002001E00028F4D100219AE7284D6600C9
:100CC000002801D0012100E0002171185F00002AF6
:100CD00001D0012600E00026BE19224FA94210D8FB
:100CE000AE420ED8B14208D001256D05E94206D0CA
:100CF0001946A802414010467BE79C4201D021469C
:100D000077E70020394674E710B50C465C4005D5FE
:100D10000124E4076340FFF70CFF10BDFFF778FEE6
:100D200010BD30B40C465C4004D50124E407634098
:100D300030BC6DE630BCFCE670B50124E4076140D0
:100D40000D465D4002D4FFF763FE70BD6340FFF7C0
:100D5000F0FE70BDFF0700000000F0FF0000F07F14
:100D60000000E0FF0000F87FF0B5F94D0C091E0906
:100D70002C402E402F468BB0A7437DD0B543FCD0EE
:100D8000002E7AD0002CFCD00D465D40ED0F25439F
:100D9000AC1BFF25AD0464190894C502440DC902BB
:100DA0002143500DDC0204430120C00701430443EA
:100DB000D2020191200C110C00958C4601042346AF
:100DC0008B430A9161460904E24D8A430991010A65
:100DD0007D4449198039097805464D4301266D182F
:100DE000F605751B6943C90C640B891C4C436418D8
:100DF000B5012C1B250C2E04B4434C434D43210C50
:100E0000691889090591009DE90701D00121C907E9
:100E100004912C4601996708CD072F434C08059D86
:100E2000E10B4D432D0C29466646754302950D4650
:100E300045432E46029D7D1BB44100950D465D4302
:100E400001942C0C2F040D465543AE462D0C3D430A
:100E5000029503947546049C2D04641B049406D2E9
:100E6000029C039D641C002675410395029401AC0D
:100E700070CC009F7D1B01E03EE162E1B4410904BA
:100E80000095079101940599A4086143090C0C464B
:100E90004443650BE7040C4666467443A646640B60
:100EA0003C43039502947446049DE4042C1B049473
:100EB00006D2029C039D641C002675410395029492
:100EC00001AC70CC009F7D1BB44101940C465C4387
:100ED0000095650FE7000C465443A646640F3C435B
:100EE000039502947446049DE4002C1B049406D2DE
:100EF000029C039D641C002675410395029401AC7D
:100F000070CC009F7D1BB441AE09AF06049DC900A3
:100F1000AD092F43049DA406AD060495079D3443F7
:100F200069180791059DE10B4D432D0C2946664636
:100F3000754302950D4645432E46029D7D1BB441E7
:100F400000950D465D4301942C0C2F040D4655432E
:100F5000AE462D0C3D43029503947546049C2D042A
:100F6000641B049406D2029C039D641C00267541F8
:100F70000395029401AC70CC009F7D1BB441019499
:100F80008C050694079C890A611800950791019CBD
:100F90000599A4086143090C0D464543680BEF040D
:100FA0000D46644665436C0B3C43049FED047D1B7A
:100FB000AC4602D20025641C6841009E019D371B8F
:100FC00085410846584301950C46460FC5005443D9
:100FD000600F28436546E4002C1B02D20025401C0C
:100FE0006E41019D3F1AB5412846BD098006284340
:100FF0008446A009BF064E020699A4067618074348
:10100000079D002068410A99079019430020099B19
:1010100000906046FF1913434041E20F64003A43D9
:10102000A4460446D71A8C41A04203D9012000905F
:1010300020463A46C70F941840416246D20F2243D9
:10104000644664000494009CBE466400D71AA4461B
:10105000044602978C417746002F01D1A04204D963
:101060006046401C8446029A2046C40FA646941847
:101070004041049A0546D20F224364466400D31AC5
:101080008D417146002901D1A84202D928461A464D
:10109000641C10430122002800D016436102002086
:1010A000079B891904465C410223002C02DB491886
:1010B00013466441089DCE0A2D145D194B05670542
:1010C000E10A2C050D1908993E43C9076940002B18
:1010D00008D0934006D30022761C5141002B01D149
:1010E000760876001C4A002D43DB154241D0AA4306
:1010F0003FD030460BB0F0BD06180D464D41174CA1
:101100007642AC411AD395181C465C41134A6D4295
:10111000A24113D3012252054C00D4420AD15C00F3
:10112000D4420BD04B4002D592021143E2E7490072
:101130004908DFE75940C90FC90718E000200849EE
:10114000D8E7054801420DD10342F7D0F2E700008D
:101150000000FF0748C900000000F07F0000E0FF2A
:101160000000F87F114859400143C012414000205F
:10117000C0E70123089A9B069A4205DC0322520726
:101180008918C90FC907B5E7052252078918074A08
:101190001143D2125140ADE770B515461C460246C8
:1011A0000B4628462146FFF7DFFD70BDFFFFFF7F9E
:1011B00030B50346CA02400D1043164D164C0A15B1
:1011C00002D02043002A06DBAA1A002A12DDD040F2
:1011D000FF2A0BDC30BD5205520D01D14000400802
:1011E000AA1A07D4D0404042FF2A01DD002030BDBA
:1011F0000028FCDD4A00002B01D0012000E0002087
:10120000101801225205D042F0D8C817C0436040E0
:1012100030BD00001E040000000000800346CA022A
:10122000400D10B510430A1504D00124E4072043F3
:10123000002A05DB0A4CA21A04D4D040FF2A00DDA4
:10124000002010BD4A00002B01D0012000E000204A
:10125000101801225205D042F2D8C817C04310BD61
:101260001E0400001F22030C02D10F22000402D032
:10127000030E03D004E00020014670470002083A44
:10128000030F01D10001121F830F01D18000921EB4
:10129000002801DB4000521E120551184205C01201
:1012A000411810467047C10FC90700D040420122C3
:1012B00092071143D6E701218907D3E710B50B1E2A
:1012C00001D0202301E0011E2BD00C0C01D1090418
:1012D000103B0C0E01D10902083B0C0F01D1090192
:1012E0001B1F8C0F01D189009B1E002901DB4900C7
:1012F0005B1E0446DC4021431C05A4182022D21AA0
:1013000090404B05C20AC90A1A430919830501D145
:10131000430818401623984002D30020521C414134
:10132000104610BDCA0FD20703D00B460021404221
:101330009941024B1A43C1E7004ABFE70000D04180
:10134000F0B58B4C0F09254689B0BD437BD01D09F4
:101350002646AE43FAD00E465E402740F60F3E4387
:10136000254071D024012142FBD0FF24AD19A404F3
:101370002D1B039501252D05DB02DB0AC9022B433A
:10138000C90A29431E010901040F130F0501214356
:101390001701880B820391432D098C46A90B1E432C
:1013A0008A039543B30B9A0396433F09BA0B940300
:1013B000A74302962E467E430497B6464E19D71988
:1013C0000C460196544305977E43371B7646BF1B58
:1013D0003601B646BE0B361900967646BC04371960
:1013E000009C01D3641C00946400002F01D00126EE
:1013F0003443029E049F754366467E4304967600FE
:1014000034196E0034190094029C019E1C19664325
:10141000751BAE46069465464519059C05956C43BB
:10142000594375460891691A0191049E014651433A
:10143000A41B0491611A009C0791E10605D0610983
:101440000122114302E072E06EE06109089D00276D
:101450002C0A2D066918049D7C412A0A2D0669185C
:10146000019D6241AC0DAD026D185441079A910D7A
:10147000920255196141029A644658435443069BAF
:10148000059A5A43121A131B9A0E9B015B187A4154
:10149000010B0005C3185141220A200644195A4184
:1014A0009A4200D2491C01204002814203D31523F5
:1014B0000226F64302E014230326F6432020C51A31
:1014C000A9401746AF40DA400A4320460399D84066
:1014D0000914731819055118039A3843D20751405B
:1014E000AC4009D00122944006D30022401C514157
:1014F000002C01D1400840001E4A934212D3012221
:1015000003989206904207DB0520400709181A4805
:101510000143C012414004E0032040070818C10FF6
:10152000C907002009B0F0BD0020F107FAE705184F
:101530000C464C4111486D42A04115D394181A46EF
:101540005A410E48644290410ED301204A004005A2
:10155000824209D35A00824206D35940C90F084A31
:10156000C90700201143DDE700200649DAE7000043
:101570000000FF07FE070000FFFFFF7F0000E0FF05
:101580000000F07F0000F87F10B501469E240002A5
:10159000CA15A307002A02D01843002A04DBA21AA6
:1015A000002A0CDDD04010BD1206120E01D1400001
:1015B0004008A21A03D4D04040420028F3DDFF22A5
:1015C00048001206904201D9002010BDC817C04340
:1015D000584010BD1F22030C02D10F2200041CD062
:1015E000030E01D10002083A030F01D10001121FBE
:1015F000830F01D18000921E002801DB4000521EA3
:10160000D2055118021251181922904004D3491CD6
:10161000002801D14908490008467047C10FC90791
:1016200000D04042012292071143D3E701218907EC
:10163000D0E7FEB5044610460D46184373D0A646C3
:101640008C460020A41A01469D4167D366460027B8
:1016500001243D46B61A9D4102D313463A46212441
:10166000654676462F04360C3E432D0CB61A9D4136
:1016700004D3150C1B042B43120410346546764624
:101680002F06360A3E432D0AB61A9D4104D3150E85
:101690001B022B4312020834654676462F07360993
:1016A0003E432D09B61A9D4104D3150F1B012B4350
:1016B0001201241D65467646AF07B6083E43AD08C5
:1016C000B61A9D4104D3950F9B002B439200A41C96
:1016D00065467646EF0776083E436D08B61A9D418B
:1016E0001AD392185B41641C16E0001876466546D2
:1016F0004941B71A9D410191009009D36046B11A42
:1017000098418E468446009801990025401C694105
:10171000DD0752082A435B08641EE6D5724663461D
:1017200003B0F0BDFFE72046284307D00020C043A8
:101730000146C046C04622462B46F1E7002001463E
:10174000F7E70000F8B5264C4E00069DA6420AD8E1
:10175000A64201D1002806D15E00A64203D8A642C7
:101760000AD1002A08D00D242404254233D029466A
:10177000002000F05EF8F8BD0C461C4311D49942DD
:1017800007D0C81A02D3EFF30080F8BDEFF3008052
:10179000F8BD801A02D3EFF30080F8BDEFF30080AC
:1017A000F8BD09242407E5008B4207D0581A02D35C
:1017B000EFF3008006E0EFF3008007E0101A03D398
:1017C000EFF30080A04303E0EFF30080A043284341
:1017D00080F30088F8BD009500F042F8F8BD0000E5
:1017E0000000E0FF754600F045F8AE46050069468A
:1017F0005346C008C000854618B020B5FEF7FAFE73
:1018000060BCB64600260027C0C5C0C5C0C5C0C55F
:10181000C0C5C0C5C0C5C0C5403D490849008D46CA
:10182000704710B50446C046C0462046FEF7B5FED8
:1018300010BDC80212D54803400F002804D0C803C9
:10184000C043012188407047EFF300800001000988
:1018500003210907084380F3008870470020704780
:1018600010B500200249029A00F008F810BD0000EF
:101870000000F87F00487047A801002010B50C4612
:101880001107090F092904D00A290AD008290CD107
:1018900004E011460820FFF7CCFF06E0510606D50C
:1018A00001E0510601D50120C007214610BDD10637
:1018B00007D501010909CC084907000E00060443B9
:1018C00009E0410F20024907000A0143200E0006EB
:1018D0001D22D14101430846E7E7000001491820D5
:1018E000ABBEFEE72600020070B58C180578401CE0
:1018F0006B075B0F01D10378401C2A1106D10278D7
:10190000401C03E00678401C0E70491C5B1EF9D198
:101910002B0705D40023521E0DD40B70491CFAE787
:101920000378401CCB1A921C03E01D780D70491CF3
:101930005B1C521EF9D5A142D8D3002070BDB0B5B2
:101940000C4605460420012109F0F0FF28462146F7
:1019500008F0B0FCB0BD80B5012007F055F90028B3
:1019600002D0012007F04AF980BD0000B0B51E206A
:10197000D74D295E0020C4430029204605D56A8B37
:101980003C20504349420BF0C5FC682168520220BC
:10199000295EA142204605DD6881A87C40060BD463
:1019A0002C86B0BD6A8B3C20504349420BF0B2FC00
:1019B0006881A87C4006F3D52E20295E1620285E7B
:1019C000884201DAE88501466A8B3C205043CA17F9
:1019D000891851400BF07CFC04462C86B0BDC046F3
:1019E000F0B581B0BA4FF98B0CB2144A012C0ADB66
:1019F000388BC00607D5788BBA8B121A3C2050431F
:101A00000BF088FC024610203D5E6C437D20C60032
:101A10002046314614460BF07DFC60217852BC8490
:101A20001620385EC11740184840684331460BF015
:101A300071FC0349088001B0F0BDC046FFFF000003
:101A400006040020F0B581B085204100A148425C29
:101A500041180123C95609028A1816219C4E745E4A
:101A60000A21324D695E914201DC94420CDC212254
:101A7000D200835C801840780002C018404200B257
:101A8000814209DB844207DA0020A862E8626870BC
:101A9000F0836C8101B0F0BD6878411C6970400032
:101AA00028180485C8B2042801D30020687028696A
:101AB0000021009129612A21695E2822AA5E8018EE
:101AC00040182C21695E40182E21695E401847009D
:101AD000174801686220484364210BF01BFCC019C1
:101AE000134908601E21715ECA1789185140114AB6
:101AF0001288511ACA178918514001290BDC009924
:101B0000A878401CA870C0B22828C2D3F483A9705A
:101B10006C8101B0F0BD0099A970192109010BF089
:101B2000F9FBF0836C8101B0F0BDC046A00300203A
:101B3000280A0020240A0020F0B582B01620644A4A
:101B4000145EFF21F43163484056002847D44A20F0
:101B5000614B1D5A508B012C5EDB854200D3B2E0F5
:101B6000441B5F4D2E7F6F7F3F02BE1936192E77C3
:101B7000370A6F77B6B24E27DF5BBE421CD3568C56
:101B8000761C56845E7C761C00965E74AF7F01974F
:101B9000EF7F3F02019EBF197F1CAF773F0AEF77AF
:101BA000009EF6B2322E04D10E46F33E178B374319
:101BB000178300226A772A774C229D5A2D199D524D
:101BC000A4B25E6F34195C67ACB28C427BD9002141
:101BD000995242490A88012313430B8073E04A203B
:101BE0003D4B1D5A508B002C2DD4A8426BD9421B63
:101BF0004C215C5AA4185C5292B25D6FAA185A67C5
:101C0000A2B292087D2A5ED300225A5233490A8832
:101C1000012313430B8056E0A84254D22A1A4C21C8
:101C20005C5AA4185C5292B25D6FAA185A67A2B2AD
:101C300092087D2A47D300225A5228490A88012354
:101C400013430B803FE0A8423DD22C1A244D2E7F37
:101C50006F7F3F02BE1936192E77370A6F77B6B2FB
:101C60004E27DF5BBE421CD3568C761C56845E7CAE
:101C7000761C00965E74AF7F0197EF7F3F02019E56
:101C8000BF197F1CAF773F0AEF77009EF6B2322E66
:101C900004D10E46F33E178B3743178300226A7731
:101CA0002A774C229D5A2D199D52A4B25E6F341989
:101CB0005C67ACB28C4206D90021995207490A8868
:101CC000012313430B804A21034A505202B0F0BD56
:101CD0006005002000E40000C80200208602002009
:101CE0008C020020F0B591B055208000EF4F395C98
:101CF0003818407800024118ED48028864242046D4
:101D00000D92504302910BF0E3FA83B28B2149000C
:101D1000795C8B42079413D9FF221832BA5C934244
:101D200016D9801A10900004000E02D00020C04383
:101D300010902320C000385C801A0F900A2511E013
:101D4000FF221632BA5C0025934207D8109507E0AF
:101D5000521A0F92401A1090052503E0801A109035
:101D6000881A0F90FF231A461A32B8180126815795
:101D7000D048007840B28842039304DABA569042C1
:101D80000CDC00200BE01A461C32BA5690420BDAEB
:101D9000401A0B90501A0A906D1C1CE0801A0B9090
:101DA0000E95881A0A9017E04721890079568842D3
:101DB00005DA801A0B90881A0A90AD1C0BE01A46BF
:101DC0001E32BA56541A904201DB0B9401E0401ABD
:101DD0000B900A94ED1C0E958F2045007819B6499A
:101DE0004C8CFE22511CFE3A042A07D80278437814
:101DF0001B029A18801C94420A46F3D2C8B2FF28EC
:101E0000069517D0791942008B5C8A185278120215
:101E1000D218431C5D004F5D491949780902C91960
:101E2000891A95256D00A14F7F193D5CF85C401B18
:101E3000A21A09E0785D79194978090209189520F4
:101E40004000385C00252246C3B290B2584389B2A4
:101E50000BF03EFA40190D9948437D21C9000891C5
:101E60000BF036FA9549099008800F98C3B2109884
:101E7000C7B200209F42324600D802460E99092977
:101E800000D8064632400C924800012A27D1874BE1
:101E9000181807468237B97AFA7A12025218049251
:101EA0008221405C797809020818801A892149004A
:101EB000595C0F9AD2B2109BDBB29E1A4E4370430C
:101EC0000A21514305910BF025FA397B7A7B1202E6
:101ED0005518B978FA78120251184F1B1CE0734953
:101EE000081805468235A97AEA7A12025118822228
:101EF000805C6A78120210180490401A78431946E0
:101F000005930BF007FA297B6A7B12025118AA7815
:101F1000EB781B029D186E1A0499081A04907743F7
:101F2000384605990BF0F6F9281A80B2049DA9B23B
:101F3000401A0B99C9B20B9148430A99C9B20A9148
:101F40000BF0E8F90999691A09185D48059141846F
:101F50000C9800282AD00E984000FC4B1818054613
:101F6000AA35A97AEA7A120252180192AA21405C93
:101F7000697809020818801A03991431595C0F9A7C
:101F8000D2B2109BDBB29F1A4F4378430A215143D0
:101F900004910BF0BFF9297B6A7B12025618A978CD
:101FA000EA78120251188D1B019922E00E98400028
:101FB000E64908180646AA36B17AF27A1202511892
:101FC000AA22805C7278120210180390401A1099AD
:101FD000CDB268430F99C9B204910BF09BF9317BE4
:101FE000727B12025118B278F3781B029E18771A8E
:101FF0000399081A03907D43284604990BF08AF947
:10200000301A80B2039DA9B2401A0B9948430A992D
:102010000BF080F90999691A0918CE4FB984CE4896
:10202000431C059A92B29A420346C84E0E9D03D3B2
:10203000CA4B9A4201D95B1C7B847422C44B9A5AC6
:10204000323289B28A4205D20246BB32914202D96B
:10205000BC300246BA840C98002833D0680030188F
:102060000546D235A97AEA7A120252180E92D22186
:10207000405C697809020818801A45218900715C62
:102080000F9AD2B2109BDBB29F1A4F4378430A21BA
:10209000514310910BF03EF9297B6A7B12025618CE
:1020A000A978EA78120251188D1B2BE000E4000099
:1020B000240A00200004002060050020660900209A
:1020C000C8020020680030180646D236B17AF27A8B
:1020D00012025118D222805C7278120210180E90EF
:1020E000401A1099CDB268430F99C9B210910BF004
:1020F00011F9317B727B12025118B278F3781B020E
:102100009E18771A0E99081A0F907D432846109949
:102110000BF000F9301A80B20F9DA9B2411A0B984A
:1021200048430A990BF0F6F829183A208C4D2954A7
:10213000080A2A463A32507008046CD02E27E85D0F
:102140002E462E36727812021018B278F3781B02DF
:102150009A1812041018109008980D9A504389B2DA
:102160000BF0B6F81099091AE9552A220F92AB5CC8
:102170002A462A3257783F02FF1810979378D7786B
:102180003F02FF183F04109BFB180D9FC01BC01897
:102190000F9BE8540B0CB3700B0EF3700B0A7370AB
:1021A000030C9370030ED370000A5070B94F0029CE
:1021B00007D52E200021295428462E30C170817069
:1021C00041702A20285C29462A314A7812021018C8
:1021D0008A78C9780902891809040818AC4A518B11
:1021E000938B8B420AD1C2178118514001282CDBF6
:1021F0000A20484324210BF06BF809E001282BDB6F
:102200000A224243581A2421414310460BF082F817
:10221000089940182DE02E22A95C28462E304378DC
:102220001B0259188378C6783602F3181B04591814
:102230000D9BC91AA9540A0C82700A0EC2700A0AB0
:102240004270944F0029BCD5B3E7E1200001091882
:1022500045480BF03DF80CE05E1A242777436321D4
:10226000C9430BF057F839188A4F3E4870430BF0BA
:1022700051F8382168543835000A6870069D79197C
:10228000FE22501CFE3A042A07D80A784B781B021B
:102290009A18891C94420246F3D2C1B2FF2941D058
:1022A00079190006C00D0A5C0B185B781B029A189E
:1022B000831CCD5CC918497809024919891A13256C
:1022C0002D017E19355C3018407800024519F05C0C
:1022D000F3185B781B021818401B079E7543A21A5F
:1022E0000B2C30D392B280B25043704389B20AF0C3
:1022F000EFFF401980B21D49081A029C6043314625
:102300000AF0E6FF6108401821460AF0E1FF0104E7
:1023100019229204914200DC06466E205C490E525E
:1023200011B0F0BD785D79194978090209181320B8
:1023300000013A5C381840780002801800252246D7
:10234000079E0B2CCED211B0F0BDC04600E40000B9
:1023500060050020C80200207A0D00007B0F0000FD
:102360008C020020A08C000080EE360010270000B8
:10237000F0B583B0464D288BC00604D447480021F1
:10238000818103B0F0BD288B400557D40124200281
:10239000404E315C30184078000240187021695E70
:1023A000081A1021695E884250DC81204000315CAF
:1023B000301840780002411837480088884245D2DA
:1023C000364B99894F1C9F815969081858614121E2
:1023D0008900725C711849780902891802914908CC
:1023E000BAB28A4213D183214900725C71184978CC
:1023F0000902891801912D21C9000AF069FF274BB4
:102400000199884201D200279F8100205861029AD9
:10241000B9B29142B5D300279F8183214900725CF4
:102420007118497809028E182D21C9000AF050FF51
:10243000B04213D21948476103B0F0BDA88B698B35
:1024400081429ED302F094FB03B0F0BD1348818912
:10245000002996D0491E818103B0F0BD698C2220ED
:102460000F4A11542023D55C10462030467836029E
:1024700075196D1CD5542232090A517009490A8810
:1024800022430A80290A417002F072FB03B0F0BDBA
:102490006005002000E40000240A0020A0030020C2
:1024A000680300205E030020F0B587B00446E64EC6
:1024B000308B80071FD4EA48017E427E12025118F9
:1024C000827EC37E1B029A18120451180C1BB28B19
:1024D000242151438C4200DC0C460476220C827687
:1024E000220EC276220A4276D848C26D8A4200DDA8
:1024F000E7E0C165E5E0D548807B002804D06C208A
:10250000355AD348038880E06C20375ED148D249E1
:102510000D5C7D43D148095C062078430AF0FAFE41
:102520002A18CB4D2A80FF201230CB49095C069730
:102530008F4205DA1004CB49884210DC1E2019E0D6
:1025400017DDC24BD87B002800D144E1188EB78B31
:102550001F868742059100D23FE100203EE10092B4
:10256000C1498842B94B069908DB64200090288055
:1025700004E0642000902880B44B06990594308BC9
:10258000800404D4308B800601D50020187488B2F2
:102590000690B08B02905C8F188F0490B34800783F
:1025A0000390B3480188D88E411ACA178E18564036
:1025B00005211D460AF08CFE074632210194204673
:1025C0000AF086FEBE4200DB37E1297C0129059C2A
:1025D00000D036E12B46039949B2049A511ACA1722
:1025E000891851400329069D0EDC0299019A511A5F
:1025F000CA1789185140814206DC64219448018041
:10260000002018740B4600E0009B954F387E797EC1
:1026100009020818B97EFA7E1202511809040E1830
:1026200018B24443642120460AF052FE341A3C7624
:10263000200CB876200EF876200A7876002D19D076
:1026400006952425204629460AF064FE7E4EB18B6D
:102650004D43884207DC0020F8763D76280CB8769A
:10266000280A78762C46794AD06DA84200DCD565D8
:10267000069D01E0744E754A7420305A1021715E37
:10268000814218DD002D1CD02425204629460AF061
:1026900041FEB18B4D43884207DC0020F8763D7641
:1026A000280CB876280A78762C466849C86DA84266
:1026B00007DCCD6505E0002C7FDDD06D002800DC57
:1026C00084E05520800064490A5C081840780002C4
:1026D000811867480288642050430AF0F9FD81B2EE
:1026E0000B2901D26C2013E01E2904D8092048438D
:1026F00040089B210BE0322902D84808232106E03C
:10270000462966D8C0B20A210AF0E2FD0F21081A54
:1027100058490880318B89061ED5318B09071BD497
:102720006C21715A022917D11021715E7422B25A9C
:1027300083B2D2188A420FDAB28B502151438C42B5
:1027400008DC474A0023D37611760B0C93760B0AEC
:1027500053760C463D49CC656C21725E022A16DB2D
:102760001022B25E7423F35A80B2181890420EDB26
:10277000012070523A480021C176B18B46244C4367
:1027800004763249CC65210C8176210A4176002CF1
:1027900005DD2E48C16D00290BDD07B0F0BD3048C6
:1027A0000021C1768176417601762848C16D0029E5
:1027B000F3DC0021C16507B0F0BD0024FC76BC76D7
:1027C0007C763C76D06D002800DD7AE70020D0656D
:1027D00077E708209CE710461DE001203D46854034
:1027E0001F48017E427E12025118827EC07E000286
:1027F00080180004401824210AF08CFD451B059820
:10280000784364210AF064FD014628460AF082FDFF
:102810000F4D28800D4B01B26D2903DC6420009020
:102820002880AAE6009019200001421E91420699D4
:1028300000DCA3E628800090A0E6009B069D059C96
:10284000E3E6009B069DE0E660050020C80200204C
:10285000020000205103000000E4000052030000C9
:102860008C020020FFFF1D0001006C00000400200E
:10287000240A0020FE090020F0B583B0FF25284679
:10288000FC30FE4F395CFE48007840B2884236DBAF
:102890007F218900795C884231DCFA48385CFA4B48
:1028A0005E8C86422BD9188B000739D455208000C6
:1028B000395C38184078000244182846FE30385CED
:1028C00060430A210AF004FDFD490E88B0420DD88C
:1028D0006800385C44430A2120460AF0F9FCB04203
:1028E00004D3F8488188C90700D0CFE1F54D002016
:1028F000A861A88802218843A8801C350CE0F14D0E
:10290000A88801218843A8800020A861E861A888E0
:1029100002218843A88020350020286003B0F0BD44
:10292000E948008801B2002901D4012000E0B8790B
:10293000490600D5F879C1B2E24DA888C007E3483E
:1029400000D0CDE0AA695118A961814200DCA1E262
:102950005A200090385C39465A31497809020A18E1
:1029600010215B5E98B201900020934204460290D1
:1029700000DC70E25C20385C3A465C32527812022D
:102980001218934200DC8FE15E20385C3A465E32DA
:10299000527812021218934200DC8BE16020385CFE
:1029A0003A466032527812021218934200DCB7E1C4
:1029B0006220385C3A466232527812021218934210
:1029C00000DCB3E16420385C3A466432527812028B
:1029D0001218934200DCAFE16620385C3A4666325A
:1029E000527812021218934200DCABE16820385C86
:1029F0003A466832527812021218934200DCA7E17C
:102A00006A20385C3A466A325278120212189342AF
:102A100000DCA3E16C20385C3A466C32527812023A
:102A20001218934200DC9FE16E20385C3A466E3209
:102A3000527812021218934200DC9BE17020385C3D
:102A40003A467032527812021218934200DC97E133
:102A50007220385C3A46723252781202121893424F
:102A600000DC93E17420385C3A46743252781202EA
:102A70001218934200DC8FE17620385C3A467632B9
:102A8000527812021218934200DC8BE17820385CF5
:102A90003A467832527812021218934200DC87E1EB
:102AA0007A20385C3A467A325278120212189342EF
:102AB00000DCA2E17C20385C39467C31497809028F
:102AC0000A18934200DC9FE17E20385C39467E3153
:102AD0004978090209188B4200DD9BE10A46A0E112
:102AE000EA695118E961814200DCD3E15A20009083
:102AF000385C39465A31497809020A1810201C5EA0
:102B0000A1B20191002394420293194600DC55E1E1
:102B10005C21795C3A465C32527812025218944237
:102B200000DCC4E05E21795C3A465E3252781202E3
:102B30005218944200DCC0E06021795C3A46603271
:102B4000527812025218944200DCECE06221795C67
:102B50003A466232527812025218944200DCE8E09F
:102B60006421795C3A4664325278120252189442D7
:102B700000DCE4E06621795C3A4666325278120263
:102B80005218944200DCE0E06821795C3A466832F1
:102B9000527812025218944200DCDCE06A21795C1F
:102BA0003A466A32527812025218944200DCD8E057
:102BB0006C21795C3A466C32527812025218944277
:102BC00000DCD4E06E21795C3A466E325278120213
:102BD0005218944200DCD0E07021795C3A467032A1
:102BE000527812025218944200DCCCE07221795CD7
:102BF0003A467232527812025218944200DCC8E00F
:102C00007421795C3A467432527812025218944216
:102C100000DCC4E07621795C3A46763252781202C2
:102C20005218944200DCC0E07821795C3A46783250
:102C3000527812025218944200DCBCE07A21795C8E
:102C40003A467A32527812025218944200DCD7E0A7
:102C50007C20385C39467C31497809020A18944254
:102C600000DCD4E07E20385C39467E3149780902A8
:102C70000818844200DDD8E00246DDE000E40000F0
:102C8000000400200102000060050020E035795DAD
:102C900079194A7812021205A64C25D5228BD20644
:102CA00016D4026A92191EE001200524D3E0012106
:102CB000052082E002200A24CDE002210A207CE0E7
:102CC000240A0020A00300206C0200204F460000D0
:102CD000828801239A4382800022826183880224B1
:102CE000A343944C838002627A5D497809024905C6
:102CF00005461C35002900D40EE6218B890603D435
:102D0000016A8919016207E6818801229143818065
:102D10000021016281618188022291438180FBE56B
:102D200003200F2497E003210F2046E00420142401
:102D300091E00421142040E0052019248BE00521B6
:102D400019203AE006201E2485E006211E2034E0EA
:102D5000072023247FE0072123202EE008202824B9
:102D600079E00821282028E009202D2473E009219A
:102D70002D2022E00A2032246DE00A2132201CE0BE
:102D80000B20372467E00B21372016E00C203C2471
:102D900061E00C213C2010E00D2041245BE00D217E
:102DA00041200AE00E20462455E00E21462004E092
:102DB0000F204B244FE00F214B200290A8880224C3
:102DC0000443AC80AB61EB61A88801239843A880E1
:102DD000480038185821415C5830407800024018AB
:102DE000111A09B2019A101A0522424310B20AF0D0
:102DF00091FA02994018A8714CE0502408462AE044
:102E0000502102910146D9E71120552423E01121D8
:102E10005520D2E78020385C3A4680325278120240
:102E200012188B420CDC12200BE08021795C3A46B0
:102E30008032527812025218844206DC122105E0D8
:102E400013208B4206DC009C05E0132184426EDCDB
:102E50000098B2E75F24400038185821415C583090
:102E6000407800024018111A09B2019A101A05227E
:102E7000424310B20AF04EFA00196871A888012185
:102E80000143A9800298A861E8612862A88802210C
:102E90008843A880A888800700D43FE52648395C8D
:102EA00005202856884207DD01225302FB5C984228
:102EB00002DAA888904326E50622AA568A4206DD51
:102EC00001214B02FB5C9A4201DAA8881AE5801ABC
:102ED000C11744184C40FD204000385C844200D8A3
:102EE0000EE5286A24210AF015FA21460AF012FAA2
:102EF0001B2109010F4A505210490A8801231A4325
:102F00000A80A9889943A9800D490E770022AA61F9
:102F1000EA61320A4A7788778A7ECB7E1B029A184A
:102F2000521C8A76000AC877100AC876EFE45F2040
:102F300043E7C04660050020FF0100005E0300205B
:102F400068030020F0B581B000F0FCFC1620E04ED4
:102F5000305E01280EDB308BC00600D48DE0DD48EA
:102F6000418A49074AD4318B490550D5318BC9076D
:102F700060D16BE07420305A1024315F814200DD53
:102F8000D5E0308BD44901403183D248C17E052938
:102F900000D2CAE00021C176FF22E032CF4B9C185C
:102FA00064789A5C920603D4328B80231343338374
:102FB0003223CB4AD1542E23D1544A23C1526C23FD
:102FC000F152348B01231C433483D17691765176B0
:102FD0001176016671834167037710463230417084
:102FE0002E32D17091705170BE4801881943018012
:102FF000308B02210143318301B0F0BD818FB18359
:10300000418A042291434182318B4905AED4318BF0
:10301000402291433183318BB34A0A403283318B52
:10302000B24A0A403283318BAB4A0A403283318B39
:10303000C9070BD06C21715E11221201A74B9A5C5B
:10304000914203DD318B012291433183318B89071A
:1030500026D56C21715EFF221232A04B9A5C914200
:103060001EDD817E491C8176C9B2022905D100216D
:103070008176308B022188433083308B000614D454
:1030800005F062FE934F3878800620D43C6FE0084C
:103090007C2800D98BE0964800882218002194E013
:1030A00000218176308B0006EAD591480388894952
:1030B000086EC0180866318B890517D588490876CF
:1030C000020ECA76020C8A76000A487621E184480C
:1030D000017E427E12025118827EC07E000280185C
:1030E000000440184821795A40187CE037460121F5
:1030F00049027B4A147E557E2D022C19957ED67E80
:10310000360275192D042C19844200DBF2E05B00B5
:10311000E31813761C0ED4761C0C94761C0A547695
:1031200083423E4600DBF1E0F3E0491CC1763746BE
:103130007D208000694D285C6D4E3188814208D920
:10314000FF25FEF7CFFD634B587E092864D0002091
:1031500066E06048417E09293E4600D085E1604A2C
:10316000117E537E1B025918937ED47E2402E318ED
:103170001B045B18FF21F631695C5B1ADC17A34363
:1031800013761C0C94761C0ED4761B0A5376328B65
:10319000120604D5026E521AD3179A430266328B76
:1031A000520600D461E1426E511841665DE17D2016
:1031B000C500204629460AF08BF8C2B20421C94353
:1031C00051434543621B4A4800883A67444A137E8C
:1031D000547E2402E318947ED27E12021219120445
:1031E000D21851180818FB490876020ECA76020C4C
:1031F0008A76000A4876308BC00707D1308B80076B
:1032000000D486E0308B400600D482E0F24800888B
:10321000396E081838667CE02846F630EC49085CC0
:10322000C0B2318842183E46398B388BC90727D146
:10323000800600D5B6E0308B400602D5586E801867
:103240005866E448017E1546427E12025118827E7D
:103250001C46C37E1B029A1812045118491BCA1738
:10326000914301760A0C82760A0EC276090A4176EB
:10327000E06D002800DDF8E023460020E065F4E082
:10328000800700D5CFE0305F998C884200DBD1E029
:10329000D87D401CD875C0B2042800D0CCE0308B5B
:1032A0000221014331830020D8752846E030C84B05
:1032B00019184978185C400705D51235585D144631
:1032C00002F0F6FE2246308BC44901403183AFE064
:1032D00060050020C8020020FFDF000000E40000BD
:1032E0008C02002010040020FFF70000FFEF000018
:1032F000240A00205B08E31813761C0ED4761C0CFD
:1033000094761C0A547683423E4602DA308B084398
:1033100030837D218800AE4A105CAF4A1488844215
:103320003CD92E26AB4FB85D3D462E356A78120249
:103330001018AA78EB781B029A1812041018009043
:103340003820385C3A4638325278120210186043FE
:10335000C90009F0BDFF00994218BA552A23FE5C46
:1033600039462A314F783F02BE1900968F78CE78C1
:103370003602F6193604009FF619201A8019934E6A
:10338000944CE054130CAB70130EEB70120A6A707D
:10339000020C8A70020ECA70000A4870308B8006D8
:1033A0006ED573E0305F598C884200DBE4E0187E14
:1033B000401C1876C0B2042800D23CE7308B0121B3
:1033C0000143318300201876E035E84F78194178C1
:1033D000795D890605D4318B144680220A433283F5
:1033E000224614464078785D400706D5112000013A
:1033F000385C1D4602F05EFD2B46308B774901405C
:1034000031836C20305EB18B414324204843E04936
:103410000876D8651866020ECA76020C8A76000A0B
:10342000487620461FE0186E801AC1178843186638
:10343000104618E00020D875186E1446801AC1177F
:1034400088431235C949495DB28B4A43242151430F
:10345000884200D301461966308B4006204602D5CB
:10346000596E09185966FFF71FF8C848417E491C74
:10347000CAB20A2A00D100214176308B800605D4D9
:10348000308B000702D4C148007824E0BF49087897
:1034900002220240CB7C1343CA7B1A431BD1BC4A95
:1034A000137E547E2402E318947ED57E2D022C19BF
:1034B0002404E418CB6D9C4206DD13761C0ED476F2
:1034C0001C0C94761B0A53762E22895E6C22B35E06
:1034D0008B4200DDB152AD490022CA73CA746C221E
:1034E000B25ACA85FD2202400A70308B8007C00F95
:1034F0008873A74D287E6A7E12021018AA7EEB7E82
:103500001B029A1812041018C865E1210C0121460B
:1035100009F000FF81B2B78BB94209D93846604340
:103520002876010EE976010CA976000A687600E09B
:1035300007462E20285C29462E314A7812021018A0
:103540008A78C9780902891809040818214609F0FF
:10355000E1FE82B23421695C2B4634335B781B0276
:1035600059188A4200D80146322029547783080A24
:103570003235687001B0F0BD308B802188433083D4
:1035800000201876318B490602D5596E8918596684
:10359000EB4917460A7E1D464B7E1B029A188B7E0E
:1035A000CC7E2402E3181B049A18D21BD3179A432B
:1035B0000A76130C8B76130ECB76120A4A76E96DD7
:1035C000002900DD51E7E8654FE7C04660050020AF
:1035D00000E400008C020020240A0020FFFD00000F
:1035E000F0B581B055208000D44E315C3018407861
:1035F00000024118CF4800886424604309F068FE47
:103600005B4901403046FE3032290AD359490978D6
:1036100049B2092905DC042901DC584800E0564874
:10362000301801784078000247187420544D2F520A
:103630007D200101688B4843A98B09F049FE4108B0
:1036400088B28208F92A0CD3FF20E030315C3018B0
:103650004078C007C00D2CD0288B400528D56424A5
:1036600027E009281FD82120C000325C301840789C
:103670000002801840421622AA5E0024824218DA14
:103680001020285EB84214DDFF27E037F05DC8B295
:103690000A2109F01DFE0446F01940780002C0041A
:1036A00007D5012405E00A2109F012FE044600E0D6
:1036B00063246C202C5201F025F9FF21E031705C6D
:1036C0001B200001285A711849780902890518D46D
:1036D0002D490880688B98494886A88B88863220B7
:1036E0009749085C0A46323252781202101828852F
:1036F0003420085C3431497809020818A88501B0E3
:10370000F0BDAB214900725C7118497809028E182E
:1037100070431C4C214609F0DBFD1B490880688B77
:103720007043214609F0D4FD834F7886A88B7043FF
:10373000214609F0CDFDB8863220814F385C3946EC
:1037400032314978090208187043214609F0C0FD5A
:1037500028853420385C343779780902081870439A
:10376000214609F0B5FDA88501B0F0BD00E40000D8
:10377000FEFF000001040020530300005503000079
:103780006005002010270000220A0020C802002047
:103790008C020020F0B583B0F8480288F348C28359
:1037A00055208000F44F395C3818407800024118E9
:1037B0006420504309F08CFD81B28B225200BC5C26
:1037C000FF22A1420FD91832BA5C914212D9811A54
:1037D0000804000E01D00020C1432320C000385C43
:1037E000821A0A230CE01632BA5C0023914205D8F3
:1037F000194604E0121B011B052301E0811AA21ADD
:10380000FF252E461A36B81901240457DE480078E1
:1038100040B2A04204DABD57A8420ADC002009E009
:103820002E461C36BE57B04206DA001B361B5B1C08
:1038300014E0401B661B11E04724A4003C57A04243
:1038400003DA801BA61B9B1C08E01E357D572E1B30
:10385000A84201DB304600E0001BDB1CD4B2CDB235
:10386000A5420296019027D90A2B25D35800381873
:103870000546D235AB7AEC7A2402E4180094D223C0
:10388000C05C6B781B021818001B45239B00FB5C77
:10389000D2B2C9B28F1A5F4378430A2454432146F7
:1038A00009F038FD297B6A7B12025618A978EA785C
:1038B000120251188D1B1BE0580038180646D236EC
:1038C000B17AF27A12025118D222805C7278120216
:1038D00010180090401A6843214609F01BFD317B07
:1038E000727B12025118B278F3781B029E18771A75
:1038F0000099081A00907D432846214609F00AFDE8
:10390000301A80B2009CA1B2411A0198C0B248435B
:103910000299C9B209F0FEFC20183A21DE4A50543F
:10392000010A3A325170010401D09049088403B071
:10393000F0BDC046240A0020C802002000E40000B8
:103940008C020020F0B583B0884DE86EE1210901BA
:103950000290019109F0DEFC85490880D04C208B53
:103960008004C00F8349088055208000CB4F395C0C
:103970003818407800024118804806886420704357
:1039800009F0A6FC2B46E8871621615E228BD20641
:103990000AD5012908DB218B7D22D2001832114281
:1039A00046D0774902220A8077490D782D2D4AD8D2
:1039B0002121C9007A5C79184978090289188E4258
:1039C00041D9208B102108407422A25A615E914295
:1039D0000CDD00286FD1208B80046ED57848022141
:1039E000018002988019D86603B0F0BD002862D12A
:1039F000208B800463496A486AD5012707800298B2
:103A00008019D866228B0A402283019909F082FC32
:103A1000044664480188002972D0029762480288EF
:103A20006248019202806EB20F2E77DC614F76E021
:103A3000534901220A80218B524A0A40228352496B
:103A40000D782D2DB4D9218B890631D5218B09070D
:103A50002ED44E4A01211180228B920441D52E464C
:103A600025461C4682B24A4801800A3A00203C2A78
:103A700000D80146474B19803D2A234601D3987D43
:103A8000401C9875C0B20A282C462FD30020987588
:103A9000414901220A80D866208B3A49014021839E
:103AA0002E2E28D3002098753C4901220A8008E078
:103AB00036480021018003B0F0BD4148012101805A
:103AC0000020D866208B2F490140218303B0F0BD30
:103AD000022202800020D866208B0840208303B099
:103AE000F0BD2E480321018003B0F0BD2A48032118
:103AF00001802E2ED6D229480221018003B0F0BDCC
:103B00002A48032101807D20C000294908802A49D4
:103B10000880284908802949088013E0244F7D2027
:103B2000C000A5B24543284609F0D2FB38800F2ECD
:103B3000029F01DC214E00E01F4E2846019909F04A
:103B4000C7FB308009488485AF4DAC830446FFF73E
:103B500021FE2774E08BE086A88B60870A480078F6
:103B600040B2E072208703B0F0BDC046C80200201A
:103B7000EA090020E809002000E40000240A0020EF
:103B8000EE090020FFDF000000040020FC090020F7
:103B9000FE090020F6090020F8090020FA0900209B
:103BA000F20900200E0400202C0A0020F409002055
:103BB000080000200A000020040000200600002069
:103BC000F0090020F0B581B03420334C205C214650
:103BD00034314978090209183220205C22463232F9
:103BE0005278120212187D200001504309F070FB38
:103BF0000A30410888B28208F92A0AD3FF20E0304F
:103C000080490A5C08184078C007C00D36D164208E
:103C10003BE009282ED8FF22E0327A4B9D5C9D18AC
:103C20006E783602F60425D52120C0001E5C1818D7
:103C300040780002801947421620734E365E0020FD
:103C4000BE4222DA7426704FBE5B009610276E4E7D
:103C5000F75F009EB74218DB01263703985C6A784D
:103C600012021518C8B20A2109F032FB3D420CD0ED
:103C700030460AE00A2109F02BFB06E06248008B7F
:103C8000400501D5642000E06320362160543634BD
:103C9000000A607001B0F0BD8C02002000E400005A
:103CA00060050020F0B52120C00056490A5C0818C4
:103CB000407800028018434216225348825E9A429E
:103CC0001DDA028B202313430383028B10239A43B4
:103CD00002834E4A0023138113704D4A13888024B7
:103CE0001C431480428A40231A434282494A148862
:103CF0001C431480028B08239A43028336E08524F8
:103D000064000D5D0C19647824026419A2421DDD63
:103D1000058B2026B5430583058B10262E4306838D
:103D20003A4D00262E812E70394D2E88802737433C
:103D30002F804025ED43468A2E404682354E3788F7
:103D40002F403780058B0826B54305839A4208DB50
:103D5000944206DB2D4A13892F4CA34201D05B1CF1
:103D600013812A4A1278002A00D0F0BD428A5306F5
:103D700022D543239B00CC5C244B1D89A5421BD339
:103D8000048B2025AC430483048B1025AC430483AF
:103D900001241C7000241C8140239A4342821C4C45
:103DA00025888026B54325801A4C25881D4325800B
:103DB000038B08241C4304835306D6D4FF230E33FD
:103DC000CB5C12490C899C42CFD3038B2024A343A4
:103DD0000383038B1024A343038301230B7000236D
:103DE0000B8140218A4342820A4A13880B43138085
:103DF00007490A8880239A430A80018B08220A43D4
:103E00000283F0BD00E4000060050020A003002054
:103E10006802002010040020FFFF0000F0B581B010
:103E2000F64C2268D0075ED090070FD5022082435F
:103E300022607E20F249085A830A102B06D1FE2206
:103E40008A5692B2803105F077FE22680125AE02D3
:103E500050050BD5B2432260FA48FB49081880B2DE
:103E6000F7498031112205F067FE226850003CD4EA
:103E7000AF06D0034FD4100166D4D00076D490039F
:103E800000D586E0500300D595E0100300D5A4E0EE
:103E9000D00200D5B4E0900200D5C4E0500200D5B5
:103EA000D4E0100200D5E4E0D00100D5F4E09001A8
:103EB00000D504E1500700D514E1AF03D00600D5CA
:103EC00017E1900600D533E1500600D54FE110060A
:103ED00000D56BE1D00500D587E1900500D5A6E1BE
:103EE000324200D0C8E101B0F0BD2802F4490858C0
:103EF000007841239B00C9580978F24BD97098701B
:103F0000A80782432260F048018802230B43038004
:103F1000AF06D003AFD5ED48008828210140EC481A
:103F2000E64A105CD7230340581869460870E948F0
:103F3000101880B2012205F0FFFD2068E64A024019
:103F40003A432260100198D5E448DC49081880B251
:103F5000E34949683331022205F0EEFD0320800673
:103F6000226882433A432260D00088D5DD48D34995
:103F7000081880B2DA4949681331022205F0DCFDE5
:103F800005208006226882433A432260900300D4D1
:103F900078E7D548C949081880B2D14949686231E3
:103FA000022205F0C9FD2068D04A02403A4322604F
:103FB000500300D469E7CE48C049081880B2C84908
:103FC00049686431022205F0B7FD2068C94A024001
:103FD0003A432260100300D45AE7C748B74908188B
:103FE00080B2BF4949686731022205F0A5FD8120F2
:103FF000C004226882433A432260D00200D44AE7D8
:10400000BE48AE49081880B2B549496868310222F5
:1040100005F092FD41200005226882433A43226068
:10402000900200D43AE7B648A449081880B2AC49D7
:1040300049686A31012205F07FFD21204005226890
:1040400082433A432260500200D42AE7AD489B499C
:10405000081880B2A24949686B31012205F06CFD55
:1040600011208005226882433A432260100200D466
:104070001AE7A5489149081880B2994949686C31F6
:10408000012205F059FD0920C005226882433A4308
:104090002260D00100D40AE79C488849081880B201
:1040A0008F4949686D31012205F046FD0520000663
:1040B000226882433A432260900100D4FAE6944891
:1040C0007E49081880B2864949686F31012205F09F
:1040D00033FD03204006226882433A4322605007A2
:1040E00000D4EAE6042082432260AF03D00600D465
:1040F000E7E6FE206F490A56131F032B02D3062260
:104100000A5400E0D2B228026D49095882486B4B2C
:10411000181880B252B2121F92B205F00DFD7D4800
:10412000F030226802403A432260900600D4CBE689
:10413000FE2060490A56131F032B02D306220A549D
:1041400000E0D2B228025E49095874485B4B181847
:1041500080B252B2121F92B205F0EEFC6D48E03010
:10416000226802403A432260500600D4AFE6FE20A7
:1041700050490A56131F162B02D319220A5400E085
:10418000D2B228024E49095865484C4B181880B2E3
:1041900052B2121F92B205F0CFFC5E48C0302268C6
:1041A00002403A432260100600D493E6FE204149C3
:1041B0000A56131F162B02D319220A5400E0D2B25A
:1041C00028023F49095857483C4B181880B252B250
:1041D000121F92B205F0B0FC4E48803022680240B7
:1041E0003A432260D00500D477E6FE2031490A56D2
:1041F000131F062B06D309220A5404E008040020EA
:1042000060050020D2B228022D49095846482B4BA0
:10421000181880B252B2121F92B205F08DFC2268BB
:104220003C4802403A432260900500D458E6FE2004
:1042300020490A56131F212B08D324220A5406E0D2
:1042400060050020A65EFFFF00E40000D2B2280255
:104250001B4909583548194B181880B252B2121F21
:1042600092B205F069FC21204002226882433A4361
:104270002260324200D136E6FE200E490A56131F54
:10428000212B02D324220A5400E0D2B228020C4986
:1042900009580948094B181880B252B2121F92B23D
:1042A00005F04AFC112080022168814339432160D6
:1042B00001B0F0BD60050020A65EFFFF00E4000035
:1042C00010000020680300205E0300206A02002026
:1042D00047020000475EFFFFFFFFFEFBFE5CFFFFA3
:1042E00030020020545DFFFF395EFFFFFFFFFDFB42
:1042F0003B5EFFFFFFFFFBFB3D5EFFFF3F5EFFFFFF
:10430000415EFFFF425EFFFF435EFFFF445EFFFF33
:10431000455EFFFFFFBEFFFF535EFFFF555EFFFFE1
:10432000575EFFFF6C5EFFFF815EFFFF865EFFFF53
:1043300080B5742005F0B2FB80BD80B5752005F016
:10434000ADFB80BD70B55A4A11461039C348416073
:104350000B78C349A02B0CD0FF2B0CD11D22D2020D
:1043600042601378FF2B00D182E0A02B3CD10023C8
:104370003BE0002300E0FF2314460F3C4460247818
:10438000A02C02D0FF2C16D000E0012314460E3CD6
:1043900044602478FF2C0ED0A02C00D102231446B8
:1043A0000D3C44602478FF2C05D0A02C00D10323C1
:1043B00014460C3C44601D24E4022578FF2D07D0F0
:1043C00044602678A02E06D0FF25FF2E28D003E0DB
:1043D000FF2B4DD04FE00025661C46606678A02E6E
:1043E0000BD0FF2E1CD009E0FF23541C44605478EE
:1043F000A02C28D0FF2C39D026E00125A61C466031
:10440000A678FF2E0CD0A02E00D10225E61C466017
:10441000E678FF2E04D0A02E00D10325261D46608D
:10442000FF2B05D1FF2D23D010342B46224622E04E
:10443000FF2D20D09D4201D2103422469D4200D350
:104440001D462B4617E00123941C44609478FF2CF2
:104450000CD0A02C00D10223D41C4460D478FF2CB3
:1044600004D0A02C00D10323141D4460FF2B01D1E4
:10447000416013E010327C245C43A21842608A42FF
:104480000CD000210B4B545C45182C72545C5C54CE
:10449000491C3C29F7D15118416070BD08303C24BB
:1044A0002146FCF7B6F903482146FCF7B2F970BD86
:1044B00010EA00001804002070B582B01D20C2026E
:1044C000664D6A601078FF280AD05078FF2809D01E
:1044D0009078FF2808D0D078FF2807D0042006E085
:1044E000002004E0012002E0022000E0032075210A
:1044F000490269600B78FF2B0CD04B78FF2B0FD053
:104500008B78FF2B10D0CB78FF2B3ED004230028D4
:104510000DD13DE004283ED300202870696041E0C1
:104520000123002803D133E00223002830D0984231
:1045300013D228706A60032809D3698808230B43C3
:104540006B80298D464B994201D0491C298503284F
:1045500023D90024204602B070BD6960042B06D127
:10456000752005F09BFA0020287069681AE02B700E
:10457000032B16D36888042202436A80288D384AA8
:1045800090420ED0401C28850BE003230028CED19A
:10459000042B04D3002028706A60114602E02B70BF
:1045A000696018467C2242438A1810320024134660
:1045B0001E78FF2E26D1661C5B1C3B2C3446F7D39D
:1045C00017208402101980B2294608313C2205F0D8
:1045D000B3FA01A8A0210170287869680A5CFF2A53
:1045E00027D0688800072ED4688801244007B1D5F9
:1045F000742005F053FA68880421884368802046B7
:1046000002B070BD6A46082313700A5CFF2A03D00B
:104610000024204602B070BD0818172189024018F6
:1046200080B26946012205F087FA0024204602B0D4
:1046300070BD0818001980B201A9012205F07CFAAA
:1046400068880007D0D5752005F028FA6888082109
:10465000884368800124204602B070BD8402002097
:10466000FFFF0000F0B587B055208000A04F395CF7
:1046700038184078000241182A20F44A105E64225B
:104680000692504308F046FE81B28B225200BC5C79
:10469000FF22A14210D91832BA5C914213D9811A73
:1046A0000804000E01D00020C1432320C000385C64
:1046B000801A05900A230EE01632BA5C002391425C
:1046C00006D8194605E0111B0591011B052302E0E0
:1046D000811AA01A05900220DC4C2056FF252E4698
:1046E0001A36BC193A460127E457A04204DA955716
:1046F000A8420CDC00200BE02E461C369657B04238
:104700000ADA001B0390301B04905B1C1AE0401B6C
:104710000390601B049015E04724A4001457A042A6
:1047200005DA801B0390A01B04909B1C0AE01E3539
:1047300055572E1BA84201DB039601E0001B039096
:104740000496DB1C0598C6B2CFB2B7422AD90A2B11
:1047500028D3580010180446D234A37AE57A2D02E3
:10476000EA180292D223C05C63781B021818801AE0
:10477000059AD2B2C9B2891A06254D4368430A2662
:104780005643314608F0C6FD217B627B1202531866
:10479000A178E278120251182A460193CF1A0299A1
:1047A000081A1CE0580010180446D234A17AE27AA4
:1047B00012025118D222805C627812021518681A0F
:1047C0007843314608F0A6FD217B627B1202511826
:1047D000A278E3781B029A180192521A281A0590BF
:1047E0000020C74DA865A871A880E8702C8C4148AE
:1047F00004806C20DA49085E0290E8855743384609
:10480000314608F087FD0199081A80B2059EB1B2C1
:10481000411A0398C0B248430499C9B208F07AFD1E
:10482000301880B200194708334807802F840A26C1
:1048300005962046314608F04BFD01467743384641
:1048400008F046FD84B2AE8D3046069908F040FD72
:10485000074605460494654330460599FBF7DCFF9F
:1048600008466043069C214608F032FD451967431F
:10487000F01BC0B2059C214608F02AFD049948436C
:10488000214608F025FD29188AB29E489B4C235CDE
:10489000201840780002C018824200D8084682B230
:1048A000B5218900635C611849780902C9188A42F8
:1048B00000D30146924CA18510480180A84DA983E0
:1048C000218689B202984843069908F023FD68833F
:1048D00080B2E1210901414309480176E1650A0EF0
:1048E000C2760A0C8276090A417607B0F0BDC0464E
:1048F00000E4000064090020600900206209002033
:104900008C02002070B57E4CE079002803D1F2487B
:10491000008BC00679D4207A012808D1EE48008B9C
:10492000C00604D54A480088A16D0818A0656C200F
:10493000E94D2E5A642E17D1A07901281AD1A06D05
:10494000E121090108F0C4FCA98B4908884211D96A
:10495000288B00070ED4288B642E0BD12021084011
:1049600008D00120207105E00020A071298BC90624
:1049700000D4A065607A012802D0A07A01280FD166
:10498000288B80060CD50B202056D449097849B2D3
:10499000421A092A02DC081A0A2801DB0120607188
:1049A00061792079012801D001291FD12848008888
:1049B0002A8B92061AD5FF222E32904216D3E27825
:1049C000521CE270012927D1D1B2052924D80B212C
:1049D0006156C24B1B785BB2CE1A092E1CDC591AE9
:1049E000092919DC0020E070607101E00020E0700E
:1049F000288B8006C00F6073288B0007C00F607281
:104A0000288BC006C00FA07270BD01202072B24872
:104A1000008BC00686D48AE7D1B20529E8D160852B
:104A20000020A080E070AD4E3078A070207B01287F
:104A300006D001202073A88BA0857D20C000208493
:104A4000FFF710FE3078E072D2E7C046C8020020BF
:104A5000240A0020F0B581B01C4615460E460746D4
:104A60006020394600F056FA38880A4988420ED14B
:104A70006220314600F05AF96320294600F056F9C9
:104A80006420214600F052F9002001B0F0BD012061
:104A900001B0F0BDCCEF0000B0B5FF20F8308D4C78
:104AA000215C2018407800024518FEF773FE8A4802
:104AB000828B1348818F914204D2531AAB4206DD98
:104AC000511B03E08B1AAB4201DD511981870D4A5E
:104AD000A35CA21852781202D2188BB2934201D969
:104AE00082871146B5229200A35CA2185278120266
:104AF000D21889B2914200D28287B0BD00E4000092
:104B0000C8020020D2020000C11740184840704778
:104B1000B0B512480921018010236F4AD45E1148B4
:104B20000188114DAC4201DB994300E01943062393
:104B30006C24145F012C01DB994300E01943162318
:104B4000D25E1823DB439A4203DB084A11400180FE
:104B5000B0BD012211430180B0BDC0460C0400204D
:104B60006005002068020020540B0000FEFF0000DA
:104B7000F0B585B0FF200246E03256498B185B78CD
:104B80008A5C520611D4544A138B40241C4314836C
:104B90000123DC02158B254315831C03158B25434C
:104BA00015835B03148B1C431483FA3008564B4A5D
:104BB000127852B2824203DB474C208B000615D498
:104BC0004B48827FC07F0002801825D0FB22520014
:104BD000895C002920D04843642108F079FB83B226
:104BE0003D498A8B934215D2101A14E03C480021AB
:104BF0000170208B3B49014021833B480068E12143
:104C0000090108F087FB394D2880FFF745FF288808
:104C1000A08301E00A2088832F490A8B8025AA43BC
:104C20000A8333480024C4778477324A146001230E
:104C30009E020A8B520541D40396049536226425C0
:104C4000029585542A2284543422825C322682556D
:104C500006463436757801952E02B718E122120106
:104C600057432E26875506463636747006462A3632
:104C7000F470B47074708D8B00956A4302760546AB
:104C80003235019E6E70150EC576150C8576120AAA
:104C900042763A0E2E30C2703A0C82703A0A427056
:104CA000088B400601D5144804606C20029A0A5211
:104CB000009A4A8311480280049D039E10480370A5
:104CC000088B304308830F4801882943018005B0D1
:104CD000F0BDC04600E40000600500200004002094
:104CE000D9020020FFFE000028030020040300205A
:104CF0008C020020300300202C030020120300202F
:104D0000CE0200200404002080B506481421017062
:104D1000002004F0FDFF04480078002801D005F0D1
:104D2000FDFB80BD64020020A1010020F0B583B02E
:104D30000C46054672B601F0E9FC1426029602986C
:104D4000411E0291002806D00298401C0290029851
:104D5000401E0290F3E7162001F098FC01F0A6FB3C
:104D6000002826D00120014605F03CF80296029862
:104D7000411E0291002806D00298401C0290029821
:104D8000401E0290F3E702200124214605F02AF894
:104D900002960298411E0291002806D00298401CFB
:104DA00002900298401E0290F3E762B6204603B0DC
:104DB000F0BD284601F06AFC02960298411E02915D
:104DC000002806D00298401C02900298401E0290D3
:104DD000F3E701F06BFB002826D00120014605F027
:104DE00001F802960298411E0291002806D002980E
:104DF000401C02900298401E0290F3E7022001241A
:104E0000214604F0EFFF02960298411E029100280D
:104E100006D00298401C02900298401E0290F3E7D0
:104E200062B6204603B0F0BD502001900290029877
:104E3000411E0291002805D00298401C0290029861
:104E4000401EF3E701F062FC172001F01FFC01F0A7
:104E50002DFB002826D00120014604F0C3FF029656
:104E60000298411E0291002806D00298401C029030
:104E70000298401E0290F3E702200124214604F02C
:104E8000B1FF02960298411E0291002806D00298B6
:104E9000401C02900298401E0290F3E762B6204642
:104EA00003B0F0BD019802900298411E02910028C3
:104EB00005D00298401C02900298401EF3E701F0D2
:104EC00050FB05460026304601F0A4FB002D1AD009
:104ED0006F1E0BE001F045FB2070B91B48424841B2
:104EE00001F098FB761C641CAE420CD00198029035
:104EF0000298411E02910028ECD00298401C0290BA
:104F00000298401EF3E701F068FC62B600242046D8
:104F100003B0F0BD70B582B00C46054672B601F024
:104F2000F5FB142601960198411E0191002806D038
:104F30000198401C01900198401E0190F3E7162053
:104F400001F0A4FB01F0B2FA002826D001200146AE
:104F500004F048FF01960198411E0191002806D0F7
:104F60000198401C01900198401E0190F3E7022037
:104F70000125294604F036FF01960198411E019152
:104F8000002806D00198401C01900198401E019015
:104F9000F3E762B6284602B070BD284601F076FB02
:104FA00001960198411E0191002806D00198401CED
:104FB00001900198401E0190F3E701F077FA002874
:104FC00026D00120014604F00DFF01960198411EF4
:104FD0000191002806D00198401C01900198401EC4
:104FE0000190F3E702200125294604F0FBFE01961B
:104FF0000198411E0191002806D00198401C0190A3
:105000000198401E0190F3E762B6284602B070BDD9
:105010003C2001900198411E0191002805D0019883
:10502000401C01900198401EF3E701F06FFB172030
:1050300001F02CFB01F03AFA002826D001200146AD
:1050400004F0D0FE01960198411E0191002806D07F
:105050000198401C01900198401E0190F3E7022046
:105060000125294604F0BEFE01960198411E0191DA
:10507000002806D00198401C01900198401E019024
:10508000F3E762B6284602B070BD5026019601983B
:10509000411E0191002806D00198401C0190019802
:1050A000401E0190F3E701F05CFA207000252846CD
:1050B00001F0B0FA01960198411E0191002806D036
:1050C0000198401C01900198401E0190F3E701F007
:1050D00048FA6070012001F09DFA01F07EFB62B693
:1050E000284602B070BDF0B581B00C46054672B6D8
:1050F00001F00CFB162001F0C9FA01F0D7F90028E5
:1051000027D00120014604F06DFE1425009500987B
:10511000411E0091002806D00098401C0090009885
:10512000401E0090F3E702200124214604F05AFEBD
:1051300000950098411E0091002806D00098401C60
:1051400000900098401E0090F3E762B6204601B040
:10515000F0BD284601F09AFA142600960098411EE8
:105160000091002806D00098401C00900098401E36
:105170000090F3E701F09AF9002826D001200146BB
:1051800004F030FE00960098411E0091002806D0E1
:105190000098401C00900098401E0090F3E7022009
:1051A0000124214604F01EFE00960098411E009145
:1051B000002806D00098401C00900098401E0090E7
:1051C000F3E762B6204601B0F0BD00960098411E9C
:1051D0000091002806D00098401C00900098401EC6
:1051E0000090F3E72578284601F050FA01F05EF9C7
:1051F000002826D00120014604F0F4FD0096009816
:10520000411E0091002806D00098401C0090009894
:10521000401E0090F3E702200124214604F0E2FD45
:1052200000960098411E0091002806D00098401C6E
:1052300000900098401E0090F3E762B6204601B04F
:10524000F0BD0027F8B20019407801F01FFA01F014
:105250002DF900280AD17F1CF8B28542F2D201F064
:10526000BCFA62B60024204601B0F0BD0120014620
:1052700004F0B8FD00960098411E0091002806D069
:105280000098401C00900098401E0090F3E7022018
:105290000124214604F0A6FD00960098411E0091CD
:1052A000002806D00098401C00900098401E0090F6
:1052B000F3E762B6204601B0F0BD0000F0B587B05C
:1052C0000027284E284D05E0781C311DBAB28A42CD
:1052D000074615D20124E00305F0AAF801280FD1F2
:1052E0002888401C2880322000900098411E0091A0
:1052F0000028E9D00098401C00900098401EF3E779
:105300002888B0422CD905F073F82002214606F017
:1053100019FB204605F0E8F83E20214605F0D0F8BC
:10532000002606960596162004900396029601968E
:105330000E480090684605F08BF8C82004F0ECFF9A
:10534000204604F0DDFF204605F0DAF8204605F09F
:105350005BF8074805F034F8204605F025F82E8064
:1053600007B0F0BDE3030000120400200903310080
:10537000FF7F000080B501464C20FFF7D7FC80BDC1
:1053800070B51C4615460E4601469120FFF7CEFC2F
:1053900090203146FFF7CAFC95202946FFF7C6FC4E
:1053A0007E202146FFF7C2FCF6200499FFF7BEFCE1
:1053B00070BD0000F0B585B0A54C207802210491A5
:1053C000084320701021A3480391405E0421CD437F
:1053D000A14F3946563100230A794E793602B21868
:1053E000891C6D1D122B02D85B1C9042F4DA5823E5
:1053F000FB5C3E46583676783602F318984232DD2A
:105400008023FB5C3E46803676783602F31898425D
:1054100038DA0B7849780902CB18D11AC21A05205C
:10542000504307F077FF4019C1B22420484334228B
:105430008A498A5C0B4634335B781B029A184243D4
:105440002E23CA54834DAE8B70430876030ECB7661
:10545000030C8B76030A4B76130E2E31CB70130C94
:105460008B702B463DE02E217C4A00205054D07694
:105470009076507610762E32D07090705070754BBA
:105480009E8B30E0FF20E030395C38184078C00750
:10549000C10D7048868BE12000013422002908D01C
:1054A0006E498A5C0B4634335B781B029A182438A9
:1054B00006E06A498A5C0B4634335B781B029A1813
:1054C00042432E23CA5470430876030ECB76030C56
:1054D0008B76030A4B76130E2E31CB70130C8B7028
:1054E0005C4B120A4A70E06526866C25595BE185A3
:1054F0005B490978E172E1210C01214607F0E8FEE1
:1055000081B2B1420AD93046604354490876020E4E
:10551000CA76020C8A76000A487600E006464D48B4
:105520004683FEF75DF82E204C4E305C31462E311E
:105530004A78120210188A78C97809028918090471
:105540000818214607F0E6FE82B23421715C33462A
:1055500034335B781B0259188A420A4600D8024647
:1055600032203254100A33463233587092B27D20C2
:105570000001504307F0ACFE0A30410888B28208AF
:10558000F92A0DD3FF20E030395C38184078C00785
:10559000C00D304B02D0188B40053DD564203CE057
:1055A000092834D8FF22E032BB5CBB185C782402A7
:1055B000E4042CD502932120C0003C5C38184078CC
:1055C0000002001944421620224B1B5E0020A34219
:1055D00020DA74231F4CE35A0193039C1D4B1C5F7C
:1055E000019B9C421B4B18DB012420030390B85CF9
:1055F000029A5278120210180290C8B20A2107F0DB
:1056000067FE0399029A0A4204D0204602E00A216A
:1056100007F05EFE0F4B00E06320362170543636F3
:10562000000A7070585F11210901795C884203DC1F
:10563000198B01220A431A83FF211231795C8842B7
:1056400003DC188B04990843188305B0F0BDC046ED
:10565000C80200206005002000E400008C02002049
:105660000004002080B5762004F018FA80BD80B5D3
:10567000772004F013FA80BDF0B585B0FA480088B1
:10568000810600D4EEE14104E1200001002901D5AA
:10569000024600E00122FB4904920A80FA490A8A84
:1056A00017B2FA4DAB8C9F421DDD2B785B1C2B7023
:1056B000DBB2032B06D300232B70AA84EB8A0124D0
:1056C0001C43EC82EB8C9F4212DA6B785B1C6B7094
:1056D000DBB2032B0ED300236B70EA84EA8A01232A
:1056E0001343EB8206E000232B70EB8C9F42ECDB34
:1056F00000226A700A8BD2062AD516228B5E9AB2D5
:105700002C8DA3421DDDAC78641CAC70E4B2032C7C
:1057100006D30024AC702A85EC8A01262643EE824B
:105720006C8DA34212DAEB785B1CEB70DBB2032BBF
:105730000ED30023EB706A85EA8A01231343EB82C0
:1057400006E00024AC706C8DA342ECDB0022EA7012
:105750000A8B920662D5CE4A1288AB8D9A421DD929
:105760002B795B1C2B71DBB2032B06D300232B712F
:10577000AA85EB8A01241C43EC82EB8D9A4212D25B
:105780006B795B1C6B71DBB2032B0ED300236B7147
:10579000EA85EA8A01231343EB8206E000232B719A
:1057A000EB8D9A42ECD300226A711E228A5E2B8E08
:1057B000002B00D15B42002A13D5D417161966407E
:1057C0009E420EDDAB795B1CAB71DBB2032B0AD3BF
:1057D0000023AB7152422A86EA8A01231343EB82EB
:1057E00001E00022AA7160228A5ED317D4185C40BF
:1057F0006B8E9C4210DDEB795B1CEB71DBB2032BF3
:105800000CD30023EB71EB8A01241C43EC82D313ED
:10581000D2185A406A8601E00022EA713422AB565F
:105820009C4C247864B29C421EDD2B7A5B1C2B724C
:10583000DBB2032B06D3AC5400222A72EA8A01237E
:105840001343EB823522AB569C4213DA6B7A5B1C16
:105850006B72DBB2032B0FD3AC5400226A72EA8A5C
:1058600001231343EB8207E000222A723522AB5654
:105870009C42EBDB00226A7201943623EC56864A86
:10588000127852B2A2421EDDAC7A641CAC72E4B251
:10589000032C06D3EA540023AB72EB8A01241C4389
:1058A000EC823723EC56A24213DAEC7A641CEC72D9
:1058B000E4B2032C0FD3EA540022EA72EA8A0123ED
:1058C0001343EB8207E00023AB723723EC56A2426E
:1058D000EBDB0022EA727022895E5422AB5E9942B1
:1058E0000DDA2B7B5B1C2B73DBB2032B09D3A95284
:1058F00000212973E98A01220A43EA8201E000219A
:105900002973664A664909880CB2002C05D4012126
:1059100003974026264005D106E09179039740265B
:10592000264001D05D49C979C9B2EA895118E98197
:105930008FB2049907F0CCFC874208D30021E9819B
:10594000696C491C6964E98A01220A43EA82A1B2AE
:105950000291CD214900514F7A5C791849780902AA
:105960008A1803999142019C1CDD029909B2002911
:1059700003D40123002E03D103E0BB79002E00D015
:10598000FB79D9B26B8A5918698289B283B299427C
:1059900008D300216982E96C491CE964E98A012382
:1059A0000B43EB82672189007B569C423DDD0299C7
:1059B0000CB2002C03D40121002E03D103E0B979ED
:1059C000002E00D0F979C9B22F8A7918298289B2BC
:1059D00080B2814208D300212982A96C491CA964A4
:1059E000E98A01270F43EF82039991422B4F1CDD77
:1059F0000199994219DD002C03D40121002E03D115
:105A000003E0B979002E00D0F979C9B2AA8A5118F9
:105A1000A98289B2814208D30020A882286D401C47
:105A20002865E88A01210143E982E88AC00702D19A
:105A30000020A86116E0029800B2002804D40120DA
:105A40000499002E04D104E0B8790499002E00D006
:105A5000F879C0B2AA691418AC61124807F038FC92
:105A6000844203D205B0F0BD6A020020E88A022118
:105A70000143E9820020A861E88A01218843E88285
:105A800005B0F0BD0C000020600500204803002098
:105A9000240A0020000400201404002000E4000078
:105AA0006C020020A08C000010B5EF495948088016
:105AB00077204202EB4CE2611078FF2808D156486B
:105AC00008803B208202E2611078FF2800D18DE03F
:105AD000104610300A80E06102782021625422468C
:105AE00020324378537083789370C378D3700379EE
:105AF00013714379537183799371C379D371037AA5
:105B00001372437A5372837A9372C37AD372037B8C
:105B10001373437B5373837B9373C37BD373037C74
:105B20001374437C5374837C9374C37CD374037D5C
:105B30001375437D5375837D9375C37DD375037E44
:105B40001376437E5376837E9376C37ED376037F2C
:105B50001377437F5377837F9377C37FD377415CFA
:105B60004022A154014620314A784123E2548A78E8
:105B70004223E254CA784323E2540A794423E2548C
:105B80004A794523E2548A794623E254CA79472365
:105B9000E2540A7A4823E2544A7A4923E2548A7A40
:105BA0004A23E254CA7A4B23E2540A7B4C23E25440
:105BB0004A7B4D23E2548A7B4E23E254CA7B4F2317
:105BC000E2540A7C5023E2544A7C5123E2548A7CFA
:105BD0005223E254CA7C5323E2540A7D5423E254F4
:105BE000497D5522A1543630E06110BD9F48E061E7
:105BF000204620303621FAF70CFE35201E21215494
:105C0000372021540548E08560857D204001E084EF
:105C100010BDC04600EEFFFF00ECFFFF10270000A4
:105C200070B582B03B2084028E4DEC612078FF2855
:105C30001DD0772040028C490880E8610178FF2957
:105C400019D0762003F02AFF288C8849884204D195
:105C5000E88A08210143E98209E0421C2A84EB8A90
:105C600008261E43EE828A4201D0801C2884EC6103
:105C70007D4804802046017CFF2900D0ADE0417CB6
:105C8000FF2900D0A9E0817CFF2900D0A5E0C17CDC
:105C9000FF2900D0A1E0017DFF2900D09DE0417DDA
:105CA000FF2900D099E0817DFF2900D095E0C17DDA
:105CB000FF2900D091E0017EFF2900D08DE0417ED8
:105CC000FF2900D089E0817EFF2900D085E0C17ED8
:105CD000FF2900D081E0017FFF297ED1417FFF298C
:105CE0007BD1817FFF2978D1C17FFF2975D1014602
:105CF00020310A78FF2A70D14A78FF2A6DD18A783C
:105D0000FF2A6AD1CA78FF2A67D10A79FF2A64D1AB
:105D10004A79FF2A61D18A79FF2A5ED1CA79FF2A9E
:105D20005BD10A7AFF2A58D14A7AFF2A55D18A7A5A
:105D3000FF2A52D1CA7AFF2A4FD10A7BFF2A4CD1BF
:105D40004A7BFF2A49D18A7BFF2A46D1CA7BFF2A98
:105D500043D10A7CFF2A40D14A7CFF2A3DD18A7C6C
:105D6000FF2A3AD1CA7CFF2A37D10A7DFF2A34D1D3
:105D70004A7DFF2A31D18A7DFF2A2ED1CA7DFF2A92
:105D80002BD10A7EFF2A28D14A7EFF2A25D18A7E7E
:105D9000FF2A22D1CA7EFF2A1FD10A7FFF2A1CD1E7
:105DA0004A7FFF2A19D18A7FFF2A16D1C97FFF298E
:105DB00013D1014640310A78FF2A0ED14A78FF2AD2
:105DC0000BD18A78FF2A08D1CA78FF2A05D10A792F
:105DD000FF2A02D14979FF2911D0694608220A70A9
:105DE0000178FF2907D117218902401880B269463E
:105DF000012203F0A1FE0024204602B070BD103045
:105E000017218C02001980B229462031362203F076
:105E100093FE01A8A0210170E8690178FF2905D14E
:105E2000001980B201A9012203F086FEE88A00076A
:105E30000DD4E88A01244007DED5762003F02EFE3B
:105E4000E88A04218843E882204602B070BD7720AA
:105E500003F024FEE88A08218843E88201242046D2
:105E600002B070BD480300201E020020FFFF0000AA
:105E7000B0B58D4D287E697E09020818A97EEA7E9C
:105E80001202511809040818E1210C01214607F0FB
:105E900041FA83B27B498A8B934209D954432C76C9
:105EA000200EE876200CA876200A68764A83B0BDDA
:105EB0004883B0BDF0B585B00246714C0027A76697
:105EC000704E308B40060CD5308B000509D5FF2075
:105ED0000490FA306C4909566C48007840B2884208
:105EE0001EDA7148817FC07F0002401800D1BCE0FB
:105EF000FB214900644A515C002900D1B5E0628A67
:105F00000423134363824843642107F0E1F9B18B12
:105F100082B28A4201D3384600E0081AA087A4E082
:105F2000C5B26774308B5A490140318364200392B3
:105F3000801A24214143606E019007F0EBF9554926
:105F40000880029568B20F2801DC544800E05248EE
:105F50000688E1200101019807F0DCF90190464331
:105F60007D20C100304607F0D5F906464548808BB4
:105F70000A250090294607F0ABF9039948432946C2
:105F800007F0A6F98019A0870299491E2C2903D889
:105F9000E18F0A393D290CD30A250098294607F0DC
:105FA00097F903994843294607F092F90199401857
:105FB000A0873B4908800498F830334A115C1018D8
:105FC000407800024518FDF7E5FB2E4EB18BA08FFF
:105FD000884204D20A1AAA4206DD481B03E0421A8C
:105FE000AA4201DD4819A0872E49F84B5A5C59187E
:105FF00049780902891882B28A4201D9A1870846E4
:10600000B52189005A5C591849780902891882B269
:106010008A4201D2A1870846049AE0329918497849
:10602000995CC90701D1B08303E0618A04220A4365
:1060300062827C216752718C4022A152276567657C
:106040000121E174A7672785E784E94A1780578013
:106050009780A0856770217320787B210140217093
:10606000FDF798FBDA480078E072F548C777877744
:10607000B08B2086308B0D490140318305B0F0BDD7
:10608000C80200206005002000E400000004002099
:10609000FFFE00002C0A0020040000200600002063
:1060A000E6090020D20200008C020020FFF7000069
:1060B000F0B58BB00446C34F0026BE66C24D288B98
:1060C00040060CD5288BC00409D5FF200A90FA3071
:1060D000BE490956BE48007840B288421EDAD84808
:1060E000817FC07F0002401800D15EE1FB214900A2
:1060F000B64A515C002900D157E17A8A0423134340
:106100007B824843642107F0E3F8A98B82B28A427C
:1061100001D3304600E0081AB88746E1C0B20890C3
:106120007D2009900101688B4843A98B07F0D0F8C6
:1061300040084221059178527E74288BA549014080
:10614000298364200790001B24214143786E07F0C7
:10615000E1F8A1490880B887A0490690088008980E
:1061600040B20F2801DC9F4800E09D48058809984F
:10617000C40028460295214607F0AAF807462046A3
:106180007843281A80B2079907F0A2F803900A21F1
:1061900009912846FAF740FB0091069DA8B20190AC
:1061A0000494214607F094F8009948436F433C1843
:1061B000019F3846099D294607F08AF8039948430C
:1061C000201803900298079C2146FAF725FB084601
:1061D000294607F07DF805463846214607F078F84D
:1061E000684303990818774DA8870898401E2C2803
:1061F00003D8E88F0A383D2801D30698A8870A9F5C
:106200003846F830714A115C1018407800022C466C
:106210004518FDF7BFFA6C4A918B2246A48F8C4239
:1062200004D2081BA84206DD4C1B03E0601AA842FA
:1062300001DD4C19948708916B48644B195C181860
:10624000407800024018A1B2814201D990870446EB
:10625000B5208000195C1818407800024018A1B2DF
:10626000814201D290870446E037D8194078D85D42
:10627000C00703D154488483089404E0508A042161
:10628000014351825048408C4021505234276C4B7E
:10629000D85D194634310A914978090209180791E5
:1062A0004420039011520694A1B2029104984843ED
:1062B0003A215A5C19463A31497809028D18294623
:1062C00007F006F8044604975D48C455474802990C
:1062D0004843294606F0FCFF09994843079906F010
:1062E000F7FF81B23227564DE85D32356A781202E7
:1062F00010184843642106F0EBFF514BD85581B28A
:10630000E12212014A432E215A54210A0A9F797030
:10631000000A6870100E2E33D870100C9870100A96
:106320005870200405D0039A264DAC520A9904985F
:1063300008E00498424A14540A9A5170079C214D6F
:106340001146039A3E4F3C54AC527C202E522E658F
:106350006E65AE672E85EE84254806804680868071
:106360006E70200A487028787B21014029700598BA
:10637000285A089989B2414312204843052106F062
:10638000A7FF3876E8652866010EF976010CB97624
:10639000000A78760698A8850124EC73FDF7FAF9CF
:1063A0002C730B480078E872074D288B40218843F6
:1063B00028832348C6778677288B0E490140298396
:1063C0000BB0F0BDC80200206005002000E4000012
:1063D00000040020FFFE00000E040020EC09002055
:1063E000080000200A000020D20200001027000050
:1063F0005C040020FFEF000010B52E20104C205C44
:1064000021462E314A78120210188A78C97809027A
:10641000891809040818E121090106F07BFF82B2FE
:106420003421615C234634335B781B0259188A425D
:1064300000D8014632202154080A3234607010BD61
:106440008C020020F0B583B001242046214605F0DF
:106450006DFA01AE0227B7800194304603F0CEFCFE
:1064600000252846214603F015FD2046214603F06D
:10647000B9FCB7800197304603F0C0FC20462146A6
:1064800003F008FD3846214603F0ACFCB480102729
:106490000197304603F0B2FC0420214603F0FAFCD9
:1064A0003846294603F09EFC03B0F0BDB0B582B07B
:1064B0000220012103F096FC142501950198411E4C
:1064C0000191002806D00198401C01900198401EBF
:1064D0000190F3E70120014603F084FC0195019847
:1064E000411E0191002806D00198401C019001989E
:1064F000401E0190F3E7502001900198411E019148
:10650000002805D00198401C01900198401EF3E737
:10651000012003F05FFC044601950198411E0191A2
:10652000002806D00198401C01900198401E01905F
:10653000F3E70120002103F055FC01950198411E6D
:10654000019100280AD00198401C01900198401E3A
:1065500001900198411E01910028F4D1204602B01B
:10656000B0BDF0B583B00220012103F03BFC142044
:10657000019002900298411E0291002805D00298D5
:10658000401C02900298401EF3E700273E4601207F
:10659000014603F027FC019802900298411E0291E7
:1065A000002805D00298401C02900298401EF3E794
:1065B000012003F00FFC0546019802900298411E4D
:1065C0000291002805D00298401C02900298401EBB
:1065D000F3E701200024214603F004FC0198029017
:1065E0000298411E0291012D0BD18024FC4008E04D
:1065F0000298401C02900298401E02900298411E90
:1066000002910028F4D126437F1C082FBFD1F0B29D
:1066100003B0F0BD10B584B00146022003F0E2FBE8
:10662000142401940198411E0191002806D001987C
:10663000401C01900198401E0190F3E701200146A3
:1066400003F0D0FB02940298411E0291002806D06C
:106650000298401C02900298401E0290F3E701202D
:10666000002103F0BFFB03940398411E039100280F
:106670000AD00398401C03900398401E039003988F
:10668000411E03910028F4D104B010BD70B584B050
:106690000446002502E06D1C082D35D08021E9401C
:1066A0002140022003F09EFB142601960198411E12
:1066B0000191002806D00198401C01900198401ECD
:1066C0000190F3E70120014603F08CFB029602984B
:1066D000411E0291002806D00298401C02900298A8
:1066E000401E0290F3E70120002103F07BFB03969C
:1066F0000398411E03910028CDD00398401C0390BD
:106700000398401E0390F3E704B070BD10B582B04B
:106710000220012103F066FB142401940198411E1C
:106720000191002806D00198401C01900198401E5C
:106730000190F3E70120014603F054FB0194019816
:10674000411E0191002806D00198401C019001983B
:10675000401E0190F3E7502001900198411E0191E5
:10676000002805D00198401C01900198401EF3E7D5
:106770000220002103F036FB01940198411E019193
:10678000002806D00198401C01900198401E0190FD
:10679000F3E701940198411E0191002806D0019869
:1067A000401C01900198401E0190F3E70120002158
:1067B00003F018FB01940198411E019100280AD0B2
:1067C0000198401C01900198401E01900198411EC3
:1067D00001910028F4D102B010BD10B584B00220A0
:1067E000002103F0FFFA142401940198411E019145
:1067F000002806D00198401C01900198401E01908D
:10680000F3E70120014603F0EDFA02940298411EDD
:106810000291002806D00298401C02900298401E67
:106820000290F3E70220012103F0DCFA03940398BD
:10683000411E039100280AD00398401C039003983E
:10684000401E03900398411E03910028F4D104B028
:1068500010BD000080B50548016804229143016025
:1068600001F058FB0248006880BDC04610ED00E012
:10687000204000507047000070B501466B48002270
:10688000C2716B480288520400D5C9E0694A1346B8
:106890001E33994200D9C2E02924A4020D5D80264E
:1068A0008555994200D1BAE063185C78812544553A
:1068B00014461C34A14200D9B1E09D78822685554A
:1068C000A14200D1ABE0DC788325445514461A344C
:1068D000A14200D9A3E01D7984268555A14200D1AB
:1068E0009DE05C798525445514461834A14200D9B1
:1068F00095E09D7986268555A14200D18FE0DC790F
:106900008725445514461634A14200D987E01D7AE4
:1069100088268555A14200D181E05C7A89254455BD
:1069200014461434A1427AD89D7A8A268555A1420C
:1069300075D0DC7A8B25445514461234A1426ED8AA
:106940001D7B8C268555A14269D05C7B8D254455E5
:1069500014461034A14262D89D7B8E268555A142F3
:106960005DD0DC7B8F25445514460E34A14256D8A9
:106970001D7C90268555A14251D05C7C91254455C3
:1069800014460C34A1424AD89D7C92268555A142DA
:1069900045D0DC7C9325445514460A34A1423ED8A8
:1069A0001D7D94268555A14239D05C7D95254455A1
:1069B00014460834A14232D89D7D96268555A142C1
:1069C0002DD0DC7D97254455941DA14227D81D7EEE
:1069D00098268555A14222D05C7E99254455141DE8
:1069E000A1421CD89D7E9A268555A14217D0DC7EF7
:1069F0009B254455941CA14211D81D7F9C2685558A
:106A0000A1420CD05C7F9D254455914207D89C7FC4
:106A10009E254455914202D0D97F9F22815470BD5A
:106A200080302021F9F7F3FE70BDC046100200202F
:106A300060050020E15B000070470000F0B589B000
:106A400048480588681E3F2800D92EE1800001A132
:106A500008588746556B00006D6B0000AB6C00005A
:106A60008D6B0000AB6C0000AB6C0000AB6C0000E9
:106A7000AD6B0000AB6C0000AB6C0000AB6C0000B9
:106A8000AB6C0000AB6C0000AB6C0000AB6C0000AA
:106A9000CD6B0000AB6C0000AB6C0000AB6C000079
:106AA000AB6C0000AB6C0000AB6C0000AB6C00008A
:106AB000AB6C0000AB6C0000AB6C0000AB6C00007A
:106AC000AB6C0000AB6C0000AB6C0000AB6C00006A
:106AD000ED6B0000AB6C0000AB6C0000AB6C000019
:106AE000AB6C0000AB6C0000AB6C0000AB6C00004A
:106AF000AB6C0000AB6C0000AB6C0000AB6C00003A
:106B0000AB6C0000AB6C0000AB6C0000AB6C000029
:106B1000AB6C0000AB6C0000AB6C0000AB6C000019
:106B2000AB6C0000AB6C0000AB6C0000AB6C000009
:106B3000AB6C0000AB6C0000AB6C0000AB6C0000F9
:106B4000AB6C0000AB6C0000AB6C0000AB6C0000E9
:106B5000556B00000448018820220A43028000236C
:106B60000793A2E05604002004040020E4480288B1
:106B7000202113468B430380FF20E249530745D56C
:106B800003466A33CB18120745D447E0DC48028835
:106B9000202113468B430380FF20DA49530744D555
:106BA00003467233CB18120744D446E0D448028817
:106BB000202113468B430380FF20D249530743D53E
:106BC00003467A33CB18120743D445E0CC480288F9
:106BD000202113468B430380FF20CA49530742D527
:106BE00003468233CB18120742D444E0C4480288DB
:106BF000202113468B430380FF20C249530741D510
:106C000003468A33CB18120741D443E00346683366
:106C1000CB18120702D502466C328B181A785B78B3
:106C20001B029A18079266303AE003467033CB187D
:106C3000120702D5024674328B181A785B781B0251
:106C40009A1807926E302BE003467833CB18120760
:106C500002D502467C328B181A785B781B029A1890
:106C6000079276301CE003468033CB18120702D51A
:106C7000024684328B181A785B781B029A180792A6
:106C80007E300DE003468833CB18120702D502464A
:106C90008C328B181A785B781B029A180792863010
:106CA0000A5C08184078000283187B208700D84EC1
:106CB000F01908904078F05DC0070BD06E20D549E0
:106CC000095E079800B2484364211C4606F000FBA9
:106CD0002346079020200540CE4C208B1021002D0C
:106CE000049107D0084005D1C84800880843002314
:106CF000079304E0002D04D1C44800888843C349A9
:106D0000088008984078F05D810701200202069211
:106D1000002905D4BD480188BF4A0A4002806FE0BF
:106D20000593FF210A469E32B35CB21852781202D4
:106D3000D318628C9A425DD90B46B633F55CF318D2
:106D40005B781B025B1945029A4225D86E23E05EF0
:106D500003950D46B835755D0290A842039D1BDB77
:106D60002420AE4D285C24356B781B021818AB78B4
:106D7000ED782D02EB18039D1B041B183720C00073
:106D8000345C0194301840780002019C0019A14C39
:106D90000193834200D8B7E06F208000315C301847
:106DA000407800024218DF204000315C3018407803
:106DB0000002431803200002944909880143F05D52
:106DC00092480180089840780002400502D5059855
:106DD000801A0590F05D0899497809020818284240
:106DE0000DD06421CA1A079800B2504306F070FA19
:106DF000079004E085480188874A0A400280059B85
:106E000008984078F05D00060AD5FF200146CC3195
:106E1000725C7118497809028D1819B2A94231DAE9
:106E20007F480021018041801D46F05D0899497826
:106E300009020818069908421CD02746208BC00674
:106E4000079C19D507208001315C3018407800027A
:106E50004018E1214900725C7118497809028918CB
:106E600009187048008848437D21C90006F030FAAF
:106E70002D1801E02746079C70203D5272203C529D
:106E800009B0F0BD05930E22A25E71239B00F3565C
:106E90009A420ADB0246C632B35CB218527812023A
:106EA000D218049BE35E934207DA5D480022028019
:106EB0004280059BA942B7DAB7E7594A11884B1CB3
:106EC00013800146C831725C7118497809028A182A
:106ED000534949889BB2934204D30022504B1A80F5
:106EE000491C5980059BCA30325C3018407800023A
:106EF000801848431B1A19B2A94295DA95E7C04693
:106F00000404002000E40000D5204000335C301869
:106F100040780002C018824225D86B208000305C87
:106F2000029B83421FDB0846AE30335C301840784A
:106F30000002C018019B834215D83020374D285CD1
:106F400030356B781B021818AB78ED782D02EB18F2
:106F50001B041D180846B030335C3018407800021E
:106F6000C018854213D90846B230325C30184078D8
:106F700000028218B431705C7118497809020B184C
:106F80002248008824490140039D294317E7084609
:106F9000A030335C301840780002C0181E4B82428B
:106FA00017D8A231705C0299814212DBD1204000D7
:106FB000315C30184078000240180199814208D8AD
:106FC00069208000315C301840780002401885420A
:106FD00015D9D3204000315C3018407800024218A7
:106FE0003520C000315C3018407800021D4643183F
:106FF00006480188294006980143039DDFE60348BF
:107000000188194000231A46F7E7C046040400200F
:1070100000E4000060050020FFFC00006803002081
:10702000D0030020240A0020F0B581B00646624F4C
:107030003C468034202520462946F9F7E8FB5F4B83
:107040000020D871B02E00D9D2E076007E44B688F8
:107050007600B744E9007603ED00F6007603760388
:10706000760376037603FF000D0176030F01180106
:10707000210133013B0146015101B800760376033B
:1070800076035C0176037603760376037603760354
:1070900076037603BF00620176036C017603750107
:1070A0007E0176038D0176037603760376039501E0
:1070B000A301AE01BF007603760376037603BF011A
:1070C00076037603760376037603760376037603F8
:1070D000760376037603E101760376033F01B80079
:1070E000EE01F601760376030C020E021302200273
:1070F0002202760376037603760376032A023502AC
:1071000042024D0276037603760376037603760316
:107110007603760355027603830297027603B50061
:10712000B500B500B500B500B500B500760376032F
:1071300076037603CD02D302E50276037603760367
:1071400076037603760376030303760376037603EA
:107150007603760376037603760376037603760367
:107160007603760376037603760376037603760357
:107170007603760376037603760376037603760347
:107180007603760376037603760376037603760337
:107190007603760376037603760376037603760327
:1071A0007603760376037603760376037603760317
:1071B000760376034B03C0466005002010020020D2
:1071C000DD7101B0F0BDED4801888022914301805E
:1071D00001B0F0BD7E217852032041033A880A4372
:1071E0003A800002E6490A8802430A8001B0F0BDF5
:1071F000FD48864200D0A4E2FC48008800B2002886
:1072000000D49EE23888400400D59AE2F88A8021B2
:1072100078520820D871388A6080F889A08066206A
:10722000385AE08001B0F0BD0220D87101B0F0BD45
:107230008020FA4939520220D8710320A07001B091
:10724000F0BD8020FD4939520220D8713320A07052
:1072500001B0F0BDFA49FB4A1E46535C80257B55C0
:107260000423F371608050184078607001B0F0BD65
:10727000F54813E12A20F549085C8022B85404201F
:10728000D8712A3172E12E20F049085C8022B8546E
:107290000420D8712E3169E13888400409D4EC48C3
:1072A000018810220A43028001201C4604F0A2FF3C
:1072B00023463820E549085C383103E03A20E349A9
:1072C000085C3A3149780902081813E1388840040B
:1072D00000D536E2C748018880220A43028001B007
:1072E000F0BD3888400400D52BE2C3480188102245
:1072F0000A43028001B0F0BD3888400400D520E286
:10730000BD48018810229143018001B0F0BDD148F1
:10731000017F407F00024018ECE03888400400D52F
:107320000FE2BD48018808224A40028019E03888EF
:10733000400400D505E2B84801886940018010E0AA
:10734000C548C0490A1853780C5CDF2525400D5408
:1073500006E0FD48BB490A1853780C5C2C430C54DA
:107360005370FA480168FA4A0A43026001B0F0BD5E
:107370003888400400D5E4E1B548018810226FE068
:107380003888400400D5DCE10120C003F4490A88B4
:1073900042400A8001F04EFC01B0F0BD3888400444
:1073A00000D5CEE1AA48018802220A43028001B03A
:1073B000F0BD3988490400D5C3E101218903E84AB9
:1073C00013884B4013800B4200D1BAE1F7490860A3
:1073D00001B0F0BD3888400400D5B2E1EB49DD488A
:1073E000415C8022B954EA49415CE171E949415C60
:1073F0006171E949415C2171E849415CE170E8490A
:10740000415C61702D210901415CA171B3218900AA
:10741000405CA07001B0F0BD3888400400D590E118
:10742000E148018829430180012004F0E3FE01B016
:10743000F0BD3888400400D583E101200002DA491C
:10744000D1E63888400400D57BE1D7480188C905DA
:1074500000D476E10188D64A0A4002800188802261
:107460000A430280012004F0C5FE01B0F0BDC64809
:1074700006E0C448B7490918052504E04B20C000C0
:10748000B4490918152520462A461C46F9F762F921
:10749000E57101B0F0BDBA4800E0B848AD490A5CFA
:1074A000081840780002801824E0B2480088802143
:1074B00078520420D871B0480088608001B0F0BDD7
:1074C000AA480078802178540320D871A848008801
:1074D0006070000AA07001B0F0BDA3490988802245
:1074E000B9540422DA716080080A607001B0F0BDFE
:1074F0009B480088802178520220D87101B0F0BDED
:107500009848417D8D22B95401794279120251186F
:107510008022B952017D21738179C27912025118FA
:107520006180017A427A12025118A180017B427B6C
:1075300012025118E180017C427C12025118218113
:10754000817CC27C120251186181817DC07D8F22B5
:10755000B854A1731020D87101B0F0BD2420814926
:10756000085C8022B8540420D8712431C878E070B7
:107570008878A0704878607001B0F0BD16040020D3
:107580006C0200207748415D024620325278120298
:1075900051188022B9521021D971817EC27E120207
:1075A0005118A180017F427F12025118E180817F32
:1075B000C27F1202511821810178427812025118BB
:1075C0006181817AC27A12025118A181817BC27BCA
:1075D00012025118E1812221415C223040780002E0
:1075E0004018608001B0F0BD81F000006A02002008
:1075F0005A4834E0160400206C020020388A8021AA
:107600007852DD71F88AA08153480088A0826020FA
:10761000385AE08301B0F0BD6A0200200503000083
:107620006620385A802178520820D871F889608005
:10763000388AA080F88AE08001B0F0BD50310000A7
:107640004B02000000E40000490200008C02002010
:107650005E030020680300204702000051483D49B6
:107660000A5C1E468023FA540818417861708178BC
:10767000A170C178E17001792171417961718179DD
:10768000A171C179E171017A2172417A6172817AC5
:10769000A172C17AE172017B2173417B6173817BAD
:1076A000A173C17BE173017C2174417C6174817C95
:1076B000A174C17CE174017D2175417D6175817D7D
:1076C000A175C17DE175017E2176417E6176817E65
:1076D000A176C17EE176017F2177417F6177817F4D
:1076E000A177C07FE077F57101B0F0BD3888400424
:1076F00027D4FF221046663016491E460B5C8025B3
:107700007B550A23F37113468633CD5C25721546EB
:107710007E354E5DA671164676368F5D27716E32C8
:107720008F5CA770CB185B7863724B195B78E37141
:107730008B195B7863718A185278E2700818407868
:10774000607001B0F0BDC046470200000804002090
:107750000100010000E40000060400208602000091
:107760006A02002068030020100400205604002054
:10777000040400206C0200201604002055020000C2
:1077800053020000820200006D020000CA020000E5
:10779000D1020000CF020000CE020000CD020000A6
:1077A000CB020000A60200005E0300206003002060
:1077B000FFFE0000704700000448002181225200B3
:1077C00002604160024801607047C04624240050B6
:1077D00000010050F0B584B0FF260196E836D64C83
:1077E000A05DA71979780902091801200390C20247
:1077F000D24800880307009230D4C90611D5292148
:10780000C900635C6118039A89560902C9181023DC
:10781000CB4DEB5E8B4203DD08210843C74908804E
:10782000009A7978A15D49060BD56C21C44B595E4D
:1078300053239B00E35C994203DB08210843BF49C3
:107840000880A15D7B781B025918114229D0BD49DF
:107850000988090625D50821084320E0890610D5A6
:10786000A5214900635C6118039A89560902C91869
:107870001023B34DEB5E8B4203DC08218843AF49F4
:1078800008807978A15D09060BD56C21AC4B595E57
:10789000019B4E33E35C994203DC08218843A749EE
:1078A0000880A9490B88782B07D378230B8003998C
:1078B0004902A64B1D880D431D80019DEA35635D7D
:1078C000611902914A781202D318820731D4D9067D
:1078D00010D54F218900625C6118039BC9560902CB
:1078E00089181022964B9A5E8A4203DD02210843D2
:1078F0009249088002994978615D49060BD56C214F
:107900008F4A515E05229201A25C914203DB022163
:1079100008438A490880A15D79780902490536D56E
:1079200088490988090632D502210843834908801D
:107930002DE09A0615D59F225200A35CA218039948
:1079400052561202D2181023EC49C95E914208DC4B
:1079500002218843794908807C490A887C4B13407E
:107960000B8002994978615D090610D56C21E34AC4
:10797000515E019A4232A25C914208DC02218843A6
:107980006E49088071490A88714B13400B80A15DD4
:107990007A7812025318410722D4D90710D0A721B0
:1079A0004900625C6118039BC956090289181022BC
:1079B000D24B9A5E8A4203DA042108435F49088069
:1079C0007978A15D490722D56C21CC4A515EA92264
:1079D0005200A25C9142039E28DA0421084323E06E
:1079E000990710D515210901625C6118039BC956DE
:1079F000090289181022C14B9A5E8A4203DB0421D6
:107A000088434E4908807978A15D090701D4039E17
:107A10000CE06C21B94A515E019A5432A25C914249
:107A2000039E03DB0421884344490880615D029A78
:107A3000527812025318C1071CD1D9070BD0A121CB
:107A40004900625C61188957090289180A2902DB1A
:107A500030433A49088002994978615D49072AD53F
:107A60006C21A64A515EA3225200A25C914222DC04
:107A700030431EE099070ED551218900625C6118E0
:107A800089570902891810229C4B9A5E8A4202DBB0
:107A9000B0432A49088002994978615D09070AD5EF
:107AA0006C21964A515E019A4832A25C914202DBF7
:107AB000B04322490880010703D590490A8BD206BA
:107AC00014D4B1038D4A528A8A438C494A8283076F
:107AD00013D4204B1A404A821A4B1C888025AC4391
:107AE0001C800B8B1C4C1C400C8309E0B3034A8A9E
:107AF0001A4382494A828307EBD520231A434A82DC
:107B0000009D1346AB4354061C460AD52A4314462F
:107B1000420708D4C00709D0102003434B8204B0A9
:107B2000F0BD4207F6D52346C007F5D10B48034008
:107B30004B8204B0F0BDC04600E4000010040020F9
:107B40006005002004040020E403002068020020F7
:107B5000FFFD0000DFFF0000FFFB0000EFFF000063
:107B600080B500F045FA80BDF0B581B0AF2040008F
:107B7000E5490B564B48007840B2984204DA4A482F
:107B80000121018001B0F0BDFF22144660340C5782
:107B9000A04207DA444A1488E40717D10220108073
:107BA00001B0F0BD0B256D014E57B04219DA3E4AC7
:107BB0001588AD0733D05922920089560A1982429E
:107BC00007DA39480421018001B0F0BD5922920042
:107BD0008956C918814263DA33480221018001B015
:107BE000F0BD154662354F57B8420CDDB1235B003E
:107BF000CC56A04217DD64328A5690422BDD2A48CB
:107C0000402101804CE0284D2D8800956D0713D050
:107C10005922920089568A198242CFDA16E004204E
:107C2000108001B0F0BD204B1D886D06AD0F1AD03D
:107C300059239B00CB561DE0009B5B065B0F05D0D4
:107C400059239B00CB56FC1A844210DD08201649AC
:107C5000088001B0F0BD144B1C88640616D42020A7
:107C6000188001B0F0BD1020188001B0F0BDB12423
:107C700064000C5D64B2E41A844204DD0A481021F9
:107C8000018001B0F0BD64328A5C02E059239B00A0
:107C9000CB5651B2C91A814202DD0348202101802E
:107CA00001B0F0BD0004002056040020B0B5CC485F
:107CB000104909880AB2002A03D40121520604D5CA
:107CC00002E08179520600D5C179C8B20A490A6832
:107CD00010182622C44B98547622E74CA052020C6E
:107CE000782562530860010E2633D9709A70000A15
:107CF0005870B0BD6C0200205804002060050020C0
:107D000080B5012005F03EFA012802D1012005F0DE
:107D100033FA80BDF0B589B00124E006214603F0B6
:107D200011FE00250895E0020790069506A805F0CB
:107D3000FFF9204605F090F8284605F039FA01AF22
:107D40003D70059503200490039520050290384668
:107D500005F060F802263E700594049403950295A0
:107D6000384605F057F80B4805F082F8284605F02C
:107D700013FA2846214605F03FF83046214605F023
:107D80003BF8284605F0EAF9204605F077F809B0F7
:107D9000F0BDC046EE020000F0B5FF231846923059
:107DA0008F4C215C20184078000242181021B24804
:107DB000415E914228DD1A469432A55CA2185278A1
:107DC00012025219914227DD1D469635665D6519EE
:107DD0006D782D02AD19A9423DDD1D469835665DD1
:107DE00065196D782D02AF19494E3578B94255DDC8
:107DF0000F200540203535704448018808220A4389
:107E000007218A43028077E04048018801220A4323
:107E10000E218A430280F0BD3D4E3578202D05D3DA
:107E20001F469A37E75DD71B8F4216DD0F210D40A5
:107E30001035357035490A8813075B0F05D0438A22
:107E40005B0602D4008B000756D5012002430E20AA
:107E500082430A80F0BD2E4D2D786E06B60F0CD0F1
:107E60001E469636A75DA61976783602F6191F4685
:107E70009A37E75DF61B8E4210DD0F231D408035DB
:107E8000234B1D70214B1C882507AD0F23D0418A41
:107E9000490625D4008B00072ED521E0AE060BD570
:107EA0001E469836A75DA61976783602F6199A33DB
:107EB000E35CF31A8B421FDD0F231D404035144B4A
:107EC0001D70124B1C88250710D4914215DC01202F
:107ED000204011D111E0914202DC012020400BD161
:107EE000022004430D2084431C80F0BD418A4906D2
:107EF00003D4008B000700D4F0BD042004430B2002
:107F000084431C80F0BDC04600E40000040400204F
:107F10000204002080B506480168064A0A40026053
:107F2000042001F0AFFF04488021016080BDC046FD
:107F30001C400050FBFFF7FF00E100E080B504F0BB
:107F4000B5FB80BDB0B555208000254C215C2018C4
:107F5000407800024118FF252846F4302056C21709
:107F6000801850404843642105F0B2F91D4908804B
:107F7000E03560194078605D00060DD5FCF7E2F948
:107F8000242019490A5C0B4624335C782402A21889
:107F9000521C0A54100A5870FDF786FD01F026FEA7
:107FA0000028FBD103F06AF901F0D0FE00F05AFA84
:107FB000FDF75EFFFEF720FA34200B49085C3431F0
:107FC0004978090208185B21C9002B4A5052508B8E
:107FD00006490880108B082101431183B0BDC046BB
:107FE00000E40000160300208C0200201203002091
:107FF00080B504F02BFB012838D11D4800780028FB
:1080000008D04A48418A1B4A914201D3002141824B
:10801000491C41826C201849095E4448632901DCEF
:10802000002101E0018A491C018241490A78002AA5
:1080300004D14A78112A01D8521C4A708189491CFE
:1080400081810178491C0170417800290CD0C189D7
:10805000491CC181FF222E3289B2914204D30021F2
:10806000C181417004F0B2FB04F0EAFA80BDC04661
:1080700013020020DDFF00006005002070B52B4CCE
:108080002078A17A81424DD0257801F095FE854275
:1080900046D32078E08200202070254D29780029E1
:1080A00005D0E08101216170287004F089FB04F0A3
:1080B000FDFB204E3088000711D5FAF759F9F9F782
:1080C0003BFDFAF73FFFFBF78BFAFBF77BFDFAF777
:1080D000D3FBF9F7B7FCF9F749FCF9F781FCFDF799
:1080E000CBFAFFF741FDFFF757FEFFF773FBFEF7F3
:1080F000A5FCFFF7DBFDFCF70BFD68780E4941435B
:108100000E4881420AD8308800B2002806D40C48B4
:1081100000880C49084201D103F034FC01F072FDE3
:108120002078A07204F084F970BDC046D40300200A
:10813000000000206A020020CDCCCCCC3333333396
:108140006C02002040800000F0B589B0B34C638819
:10815000B34D2B7060890890A870E08D079028714E
:10816000208E0590A8716C200690265A2E726E20E3
:10817000275AAF72608B2873A18BA973628C2A7403
:108180001B0A6B70089B1B0AEB70079B1B0A6B7129
:10819000059B1B0AEB71330A6B723B0AEB72000AF8
:1081A0006873080AE873100A68741B200001205ADB
:1081B000010AE974A8747220205AA875000AE875AB
:1081C0004B20C000974F39182046323015263246D2
:1081D000F8F7C0FA9448395C3818427812025118FE
:1081E0008278C0780002801800044018E0658F484B
:1081F00039182046473007963246F8F7ABFA8C48D4
:10820000017F407F00024018BF218900605270202A
:10821000205A2875000A687504F026F97D20C500EB
:10822000208A089040040390294605F051F80290F6
:108230008049605467180021F975F972F971049149
:10824000F9707D4988600E461620205E0590400436
:10825000294605F03DF80546F060E08940040A2112
:10826000019105F035F80646734806616620205AEC
:108270004004019905F02CF86F494861029A3A755B
:1082800038743E733D723D71110CB975120A7A75DE
:10829000030EFB74030CBB74000A7874300EF87381
:1082A000300CB873300A7873280CB8722B0A7B72C2
:1082B000B8717B71B9707A70FF20F630089989091E
:1082C0002154F9204500C82060530398F8F7F3FFC4
:1082D0005A4A5B4BF9F734F8F8F76AFF594960548A
:1082E00001229302278B1F403623DE43002F3346A3
:1082F00024D0002F25D0059F0A2F00DC3346B82656
:10830000A3556319089EB5009D704B4B9861234699
:10831000B833049D5D800A2F00DC2A465A70020E95
:108320006118CA70020C8A70000A48700698205EB4
:10833000454904280ADC05220A800AE07923002F37
:10834000D9D12926059F0A2FD8DDD8E70988052924
:1083500018D33D4A00211180FC22324B9A5CFC3339
:108360005B781B029A18974209DD212109016654A6
:1083700061183A0ACA708F70320A4A7002E02122EC
:108380001201A1503149324A625207994901002530
:10839000655285218900E28A6252F8F784FF2D4BED
:1083A0002A46F8F7E1FC2C4B2A46F8F7C9FFF8F704
:1083B00035FFFB2149006054D422A054E28BA282F5
:1083C00061180874020ECA74030C8B74000A487496
:1083D000CA708B7048702146D431CA708B70487057
:1083E0001F4E3078002812D01C4F388803280ED337
:1083F000812040002118912040002218A120400037
:108400002318FC342046FCF725FB002801D009B0D6
:10841000F0BD35703D8009B0F0BDC046600500205C
:108420008C02002000E40000820200006D020000C7
:10843000680300204A03000068020020FCA9F1D272
:108440004D62004016020000E0030020FA02000026
:10845000A80B0000000059400000C041E6030020C6
:1084600013020020F0B587B0F748F84D285CFF22D2
:108470001146B031F64E7054F648285C63218900ED
:108480007054F548285C11468C317054F348285CD0
:10849000C52149007054F3208000002434529120FB
:1084A0008000285C11468E317054ED4FB87AF97A0D
:1084B000090208186E217052EA48295C2818407891
:1084C0000002401831210391C9007052E648295C2E
:1084D0002818407800024018C32149007052E34830
:1084E000295C2818407800024018B12149007052D8
:1084F000DF48295C2818407800024018012319023F
:108500000691705205935803DA49088038787978D3
:10851000090208187080B878F97809020818708183
:108520003879797909020818F08504921146E0310A
:10853000685CB879FA79120210183086387B7A7B39
:10854000120210187083552080002A5C2818407889
:1085500000028018691849780902890508D4AB21FE
:1085600049006A5C691849780902891801910BE091
:10857000AB2149006A5C69184978090289180191A0
:108580004843BD4904F0A4FEBC49039A72547C21BF
:108590007052D8203452BA4960207054B9480599B5
:1085A00031523F210B01B849F1503018022102919C
:1085B0004450152149017452B4496F5C69184978D7
:1085C0000902C919B24D7153F2848021318470219E
:1085D0003181B04D7560AA4AB21866259570C48085
:1085E000F018AD4A8281AD4AAD4B436082609C4F2A
:1085F000387C7A7C120210187084AA4AB4522B205C
:10860000C000924D2B5C281840780002C018A64B81
:10861000F052A648A64B3352C02034506A20019B2A
:1086200033521F20000112233352D9204000059BF2
:108630003352A0480C233352CE2034520D208001F7
:108640009D4B3350CF2080009C4B33506720C0009F
:108650009B4B3350CD2080009A4B33503320000188
:10866000994B3350CB208000984B33500698903074
:10867000CC23F052387D7B7D1B0218187052B87CD9
:10868000F97C090208181B2109017052B0184480B6
:108690008F49C1833146C0314C608E4981808E48FC
:1086A00031180E228D4B8B500A228D4B8B50062297
:1086B0008C4B8B508C4A029BCA508C4A32528C484D
:1086C000488202F0C7FF5D20C00029183046DA302A
:1086D00020220592F8F73EF88648295C281842784F
:1086E00012025118844AB15284496B5C6A1851785D
:1086F0000902C918824BF15282496B5C6C1861788F
:108700000902CB1880497352804BE95C049D2F46C7
:10871000EC37F1558178C07800024018764971181D
:1087200048809078D17809020818754971184880F6
:10873000A078E17809020818734971184880F01987
:10874000424CE118CA78C2708A78827049784170C8
:108750006F4830186F4961181022F7F7FBFFF120BE
:10876000400030186121C90061180922F7F7F2FFB3
:108770006948215C2018274642781202521867493E
:108780007252674AA35CA21854782402E418654B1D
:10879000F4527924E40004353551FC24624D3553FC
:1087A000FE243C5D3D46FE356D782D022C19742566
:1087B00074535E4CA57FE47F240264197A257453B8
:1087C000274FBC7DFD7D2D022C19722574538478B2
:1087D000C07800020019711848809078D178090299
:1087E0000818F11848805248708530885149014076
:1087F00031805149154B581842785A5C1E4608235F
:1088000013401C4D6A882824A243D218715C059B32
:1088100019405118698026213B46795C26335A78E5
:10882000120251189A78DB781B029A181204511818
:10883000424A11604078A8884149014006980818CA
:10884000A88007B0F0BDC0464502000000E400006B
:1088500060050020430200004202000041020000C7
:108860008C0200203F0200003D0200003B0200009D
:10887000390200006802002010270000FE030000FB
:1088800082030000FE020000414C485F57030000D5
:10889000CE03000001632037393000005F323530ED
:1088A00056312E31260300009E020000A202000075
:1088B000429800000A020000A493555523C0A4F476
:1088C0006C4A37E2456E90845C7FFF20ACE0A3EEFB
:1088D0005555000055CE00007E0200003238303180
:1088E00032303030323033303437304542300000AF
:1088F000313100001D0300006E0300001903000069
:10890000660300001503000062030000110300006D
:10891000720300002903000025030000A2030000E9
:10892000210300006A030000EEBB00006803002082
:10893000D2040000FF9F00004702000058040020FE
:10894000FFFC000081B0002814D0E12189000091D3
:1089500000994A1E0092401E0029F4D00099491C3B
:1089600000910099491E009100994A1E0092002929
:10897000F4D1E8E701B07047B0B50023002905D174
:10898000D8B2B0BD401C491E0A06F9D0DAB204784C
:10899000544063000722240615D45C001B0616D43D
:1089A0006300240617D45C001B0618D46300240659
:1089B00019D45C001B061AD4650023061BD46B0077
:1089C0002C06DFD51BE053405C001B06E8D5544065
:1089D00063002406E7D553405C001B06E6D55440EF
:1089E00063002406E5D553405C001B06E4D55440E3
:1089F00065002306E3D555406B002C06C2D55340D5
:108A0000C0E700000448016C8901890F0F224A4029
:108A10000068D0407047C04620C0004092490A68B4
:108A2000002803D001208005024300E092B20A60D2
:108A30007047C04603210906024A13680B40181804
:108A40001060704760C000408149002806D0086966
:108A50000122104308610868104302E00A680248D6
:108A6000104008607047C046FEFF0000F0B589B0B6
:108A700044490C680022444D2B6D511C0A2A02D037
:108A8000002B0A46F8D50B2902D10020C04337E05D
:108A9000012837D0002833D10394FFF7B3FF0446F1
:108AA0002F6E042601253046294602F03FFF20069E
:108AB0000890200A07903804C10B07A805AA04AB48
:108AC00001F008FC059F00243046214602F02EFFED
:108AD000ED05E81B01DA2D483818C117039BDA179A
:108AE000C01A91412A4A2346F7F79CFD0A222346E1
:108AF000F7F7B0FD0902000E4018AF4200DC40421B
:108B000009B0F0BD03942C682D6E04200190012162
:108B1000029102F00BFF20060890200A0790ADB2E8
:108B200007AF05AC04AE384629462246334601F06D
:108B3000D1FB0598089006980790691C3846224694
:108B4000334601F0C7FB059C00250198294602F039
:108B5000EDFE0298C605301B01DA0C482018C1173B
:108B6000039BDA17C01A9141094A2B46F7F75AFDC1
:108B70000A222B46F7F76EFD0902000E4018B44298
:108B8000BDDDBDE73000005000C00040000080FFA8
:108B900080E4139134490A683F239A430A600A68C3
:108BA00002430A607047C04670B52F490A680B4BF4
:108BB000134074C800681A4322432A4332430243D5
:108BC000032040051043086008683F229043086076
:108BD0000868332202430A6070BDC04600FF0F00E0
:108BE0001B490A68002802D00220024301E0024823
:108BF00002400A607047C046FDFF00000648016859
:108C000001220A4302607047034909680140481E77
:108C1000814108467047C04650C0004012490A686A
:108C2000002803D001204005024300E092B20A6010
:108C30007047C04680B503F039FE80BD04490A681C
:108C400004239A430A600A6802430A607047C046D8
:108C500040C0004001210905034A13688B4313609B
:108C6000116801431160704744C0004070B5FF2295
:108C7000002864D08178C3781B0259180B1D99B263
:108C8000FE295CD85A1E0024130640D0034604E097
:108C9000F4B25B1C521E150639D01E786640750072
:108CA0000724360615D46E002D0616D47500360638
:108CB00017D46E002D0618D47500360619D46E0030
:108CC0002D061AD4750036061BD46E002D06DFD58E
:108CD0001BE065406E002D06E8D56640750036063F
:108CE000E7D565406E002D06E6D566407500360670
:108CF000E5D565406E002D06E4D566407500360664
:108D0000E3D565406E002D06C2D56640C0E7411828
:108D1000491E09788C4211D102790A490A704B78B0
:108D200000219A420A4601D00522D2434078FE2310
:108D30000340502B00D01146084670BDFC2250B2B3
:108D400070BDC04608020020F0B581B03E48018BDE
:108D5000C90620D53D4A3E498B5C8A1852781202DA
:108D6000D2187023C35E9A1A1023C35E9A4212DC93
:108D7000B72292008B5C8A1852781202D2181623FE
:108D8000C35E934207DB334A8C5C8A185278120226
:108D90001219934208DD30480021417501789F2265
:108DA0000A40027001B0F0BD2B4C2278550608D461
:108DB0009DB24626A55340252A4322706C25455D69
:108DC0002575657D56060AD5172676018F5D8E19A5
:108DD00076783602F619AE4201D96D1C65756026AB
:108DE0001640402E10D1EDB2282D0DD11B4D4E5DF9
:108DF0004D196D782D02AD194626A65FF31AAB42C8
:108E000002DB20231A4322706C23C35E632B15DC24
:108E10002023134012D0B92292008B5C8918497824
:108E20000902C9181422A25664239A1A808B50434F
:108E300004F04EFA4821605201B0F0BDDF2002403C
:108E4000227001B0F0BDC04660050020DA020000CB
:108E500000E40000DE020000C8020020E202000080
:108E600080B5044802F0A8FA02F09AFA002002F055
:108E7000A3FA80BD555500000020C143044A11608B
:108E80001071D16090681021014391607047C04615
:108E900000400250F0B583B0044602A800260670D8
:108EA00001A8068068460680A078062802D002A89D
:108EB000FF210170A07901A908806079019A12024E
:108EC00010180880207A69460880E079009A12021A
:108ED000101808800888FC2802D36846FB2101800E
:108EE00001A80088800A032804D301A80088494902
:108EF000884202D302A8FF21017000F069FF002818
:108F000002D102A8FF210170E51D02A80078002807
:108F100002D06846068008E001A800886F463A88BB
:108F2000294602F08BFC38882D18EE202070D720BF
:108F30006070E6700098001DA0700298207136489D
:108F40000078607100F026FF34490870A071A078A5
:108F5000C01CC1B22046FFF70FFD287003B0F0BD62
:108F6000B0B584B0044603A80025057002A80580AA
:108F700001A80580A078042802D803A9FF220A705E
:108F8000A17902AA11806179029B1B0259181180F4
:108F90001188890A032904D302A909881D4A91422C
:108FA00002D303A9FF220A70001F01A908800888C4
:108FB000FC2802D301A8FB21018000F009FF002852
:108FC00002D103A8FF21017003A8007840B2002855
:108FD00006D4E11D02A8008801AA128802F042FC12
:108FE000EE202070E5700420A070D82060700398F7
:108FF000207109480078607100F0CCFE07490870C4
:10900000A071A078C01CC1B22046FFF7B5FCE0718A
:1090100004B0B0BD012000000802002009020020B9
:10902000F0B59BB000287ED0404F13AD29465CCFF1
:109030005CC15CCF5CC1411D02900BAF202638465D
:109040003246F7F787FB03AC00943846029F31465F
:109050002A46334603F058F9384625302146324631
:10906000F7F74BFBEE2139700024002800D0E043D5
:109070003871FC700420B870D2207870CD4D2E78F5
:109080007E7100F09FFEC1B28E4200D1481C0106E5
:1090900000D101206870B871B878C01C010641D0B9
:1090A0000024394603E0491C401E02063AD0E2B2D1
:1090B0000C78544063000722240615D45C001B067C
:1090C00016D46300240617D45C001B0618D4630072
:1090D000240619D45C001B061AD4630024061BD492
:1090E0005C001B06DFD51BE053405C001B06E8D587
:1090F000544063002406E7D553405C001B06E6D5C8
:10910000544063002406E5D553405C001B06E4D5BB
:10911000544063002406E3D553405C001B06C2D5CF
:109120005440C0E7FC711BB0F0BDC04600D9000040
:10913000F0B581B000285FD00446EE2020700025F5
:109140002571E5700520A070DD206070DB4E37785A
:10915000677100F037FEE571C1B28F4200D1481C43
:10916000010600D101207070A071A078C01C01061A
:1091700041D00025214603E0491C401E02063AD09A
:10918000EAB20D7855406B0007222D0615D45D001C
:109190001B0616D46B002D0617D45D001B0618D4D1
:1091A0006B002D0619D45D001B061AD46B002D062A
:1091B0001BD45D001B06DFD51BE053405D001B0682
:1091C000E8D555406B002D06E7D553405D001B06E2
:1091D000E6D555406B002D06E5D553405D001B06D6
:1091E000E4D555406B002D06E3D553405D001B06CA
:1091F000C2D55540C0E7257201B0F0BDF0B581B0D1
:1092000000286ED00446EE20207000252571E57000
:109210000D20A070D0206070DE4E3778677100F0AE
:10922000D1FDE5735821A173362262733522227372
:10923000E1724D21A172422161724321217202210A
:10924000E171C1B28F4200D1481C010600D101205A
:109250007070A071A078C01C010641D00025214685
:1092600003E0491C401E02063AD0EAB20D78554090
:109270006B0007222D0615D45D001B0616D46B006B
:109280002D0617D45D001B0618D46B002D0619D4CB
:109290005D001B061AD46B002D061BD45D001B0657
:1092A000DFD51BE053405D001B06E8D555406B0041
:1092B0002D06E7D553405D001B06E6D555406B00F3
:1092C0002D06E5D553405D001B06E4D555406B00E7
:1092D0002D06E3D553405D001B06C2D55540C0E7BF
:1092E000257401B0F0BDC046F0B581B000285ED055
:1092F0000446EE20207000252571E5700420A07042
:10930000DA206070D74E3778677100F05BFDC1B22C
:109310008F4200D1481C010600D101207070A0715D
:10932000A078C01C010641D00025214603E0491C5D
:10933000401E02063AD0EAB20D7855406B00072273
:109340002D0615D45D001B0616D46B002D0617D410
:109350005D001B0618D46B002D0619D45D001B069A
:109360001AD46B002D061BD45D001B06DFD51BE055
:1093700053405D001B06E8D555406B002D06E7D530
:1093800053405D001B06E6D555406B002D06E5D524
:1093900053405D001B06E4D555406B002D06E3D518
:1093A00053405D001B06C2D55540C0E7E57101B0D2
:1093B000F0BDC04608020020F0B58DB004466846F6
:1093C0003221F7F726FA002C76D0EE202070002705
:1093D0002771E7700C25A570D1206070D7480678FA
:1093E000667100F0EFFCC1B28E4200D1481C01064C
:1093F00000D10120D1494870A07100F09DFC6E465B
:109400003046294600F09CF900F092FCE01D102245
:109410003146F7F79FF90820607727773420E07608
:109420000520A0760320607620760220E0751B20C0
:10943000A0701E20214603E0491C401E02063AD0BF
:10944000FAB20D7855406B0007222D0615D45D0049
:109450001B0616D46B002D0617D45D001B0618D40E
:109460006B002D0619D45D001B061AD46B002D0667
:109470001BD45F001B06DFD51BE053405D001B06BD
:10948000E8D555406B002D06E7D553405D001B061F
:10949000E6D555406B002D06E5D553405D001B0613
:1094A000E4D555406B002D06E3D553405F001B0605
:1094B000C2D55740C0E7A7770DB0F0BD0802002025
:1094C000F0B581B0002863D004469C498878012714
:1094D00038438870EE20207000252571E570042047
:1094E000A070D32060700E78667100F06BFCC1B282
:1094F0008E4200D1481C010600D007468F484770B5
:10950000A771A078C01C010641D00025214603E0C8
:10951000491C401E02063AD0EAB20D7855406B0055
:1095200007222D0615D45D001B0616D46B002D06F0
:1095300017D45D001B0618D46B002D0619D45D00EE
:109540001B061AD46B002D061BD45D001B06DFD54D
:109550001BE053405D001B06E8D555406B002D060F
:10956000E7D553405D001B06E6D555406B002D0640
:10957000E5D553405D001B06E4D555406B002D0634
:10958000E3D553405D001B06C2D55540C0E7E571E9
:1095900001B0F0BD08020020F0B581B000285ED017
:1095A0000446EE20207000252571E5700420A0708F
:1095B000D6206070614E3778677100F003FCC1B24D
:1095C0008F4200D1481C010600D101207070A071AB
:1095D000A078C01C010641D00025214603E0491CAB
:1095E000401E02063AD0EAB20D7855406B000722C1
:1095F0002D0615D45D001B0616D46B002D0617D45E
:109600005D001B0618D46B002D0619D45D001B06E7
:109610001AD46B002D061BD45D001B06DFD51BE0A2
:1096200053405D001B06E8D555406B002D06E7D57D
:1096300053405D001B06E6D555406B002D06E5D571
:1096400053405D001B06E4D555406B002D06E3D565
:1096500053405D001B06C2D55540C0E7E57101B01F
:10966000F0BDC04608020020F0B581B0002862D0ED
:109670000446EE20207000252571E5700620A070BC
:10968000DE20607067792D480678667100F09AFBDD
:109690002572E771C1B28E4200D1481C010600D18B
:1096A000012026494870A071A078C01C010641D055
:1096B0000025214603E0491C401E02063AD0EAB2CA
:1096C0000D7855406B0007222D0615D45D001B0652
:1096D00016D46B002D0617D45D001B0618D46B0042
:1096E0002D0619D45D001B061AD46B002D061BD461
:1096F0005D001B06DFD51BE053405D001B06E8D56F
:1097000055406B002D06E7D553405D001B06E6D59E
:1097100055406B002D06E5D553405D001B06E4D592
:1097200055406B002D06E3D553405D001B06C2D5A6
:109730005540C0E7657201B0F0BDC0460802002088
:10974000F0B587B000260696059604960396029615
:1097500010295FD80C46019000F0EEFA2F4F04213B
:1097600006AA384600F0CEF8054600F0E1FA032DCF
:1097700050D1069800260696029000F0DDFA384691
:109780005030022106AA00F0BDF8054600F0D0FADC
:10979000032D3FD102A8069981800026069600F08D
:1097A000CBFA38465430022106AA00F0ABF8054641
:1097B00000F0BEFA032D2DD102A80699C180002623
:1097C000069600F0B9FA38465830022106AA00F091
:1097D00099F8054600F0ACFA032D1BD102A80699B2
:1097E00001810026069600F0A7FA5C37022106AA3E
:1097F000384600F087F8054600F09AFA032D09D1A3
:1098000002A9069848810020069001982246F6F7A2
:10981000A1FF0126304607B0F0BDC046000430006D
:1098200010B515490A6801230479012C01D09A4327
:1098300000E01A4320234478012C01D09A4300E031
:109840001A4310238478012C01D09A4300E01A4374
:109850000A4BC478012C01D01A4001E008242243AD
:1098600008331340027812021A430A604079002834
:1098700000D00348C86110BD00C00050F7F8FFFFDA
:1098800057450000424207480368511C002A03D094
:10989000012213400A46F7D1012901D00320704765
:1098A0000420704718C00050F8B50446010B022090
:1098B0000E2922D80326214631401ED10B20050453
:1098C0002846FFF7DFFF032818D16E4F7869402143
:1098D000014379612220B8603C60F86801210143AE
:1098E000F960BFF36F8F2846FFF7CCFF032807D13D
:1098F0007869400600D502263046F8BD0120F8BD43
:109900000420F8BDF0B587B014460D4607460B207D
:1099100000040390FFF7B6FF03283CD10320AB08F7
:1099200001900540002057490293984235D806908F
:1099300000268E6005970F60C868012204921043CC
:10994000C860BFF36F8F03980F46FFF79BFF032894
:1099500027D17869400622D47868029B06999942FB
:109960000BD1002D059F18D031468D420DD00246F7
:10997000F24062540836491CF7E72070010EE1708E
:10998000010CA170000A6070059F0698401C241D00
:109990003F1D3C49C9E7012002E0019800E0022098
:1099A0000490049807B0F0BDF0B589B00D46010BE6
:1099B00002270E2963D803210890029108405ED146
:1099C00014460B2006043046FFF75CFF032851D1F4
:1099D00001972C4A5069402101435161A90802981E
:1099E0000540E8000022D343834003930491481CC0
:1099F0000590089930460E46069005998A423BD05C
:109A000004998A4207920CD1002D35D000210F46CF
:109A10000A46954210D0A35C8B401F430831521C6C
:109A2000F7E7E1780A06A17809048A186178090243
:109A300052182178571802E00398074306980896B1
:109A40003146104E31602121B1607760F168012705
:109A50003943F160BFF36F8FFFF714FF03280ED176
:109A6000706940060AD4079A521C241D089E361DB0
:109A70000698C2E7012702E0029F00E0019F3846F6
:109A800009B0F0BD04C000500121C907024A1368A3
:109A90008B430343136070472024005010B50446E5
:109AA000002001F0C5FE00F047F96006000CFFF74A
:109AB000FBFE00F03DF90124204601F0B9FE2046EE
:109AC00010BDF0B583B001920D460646032407464B
:109AD000A74300F031F9292080023818042702AA90
:109AE00000903946FFF70EFF2640B81B019FB84291
:109AF00015D200210A468B1902ACE35C6B54521C50
:109B000091B28842F7D82A18381A81B20098001DFD
:109B1000FFF7F8FE00F00CF9002003B0F0BD002FB5
:109B2000F8D002A8811928463A46F6F713FE00F04D
:109B3000FFF8002003B0F0BDF0B5FFB086B01446CA
:109B4000019105460026304601F072FE00F0F4F85F
:109B5000002C3BD022482818012149024F1E074003
:109B6000C01B204D029114E0B6B2039F1E49088825
:109B7000401C08803846FFF797FE05AA3846029F2A
:109B80003946FFF711FF39460498C0190027A6424D
:109B90001CD2049080B205AA0390FFF7B3FEA64240
:109BA000E3D2E81BF1430919814200D301464A1C64
:109BB00005A8C01901998919F6F7CCFD761CA642B3
:109BC000D2D2781CAF420746F8D3CDE700F0B0F808
:109BD000012001F02DFE00207FB006B0F0BDC04690
:109BE00000A4FFFFFF0100005C05002080B501F02C
:109BF000F7FB002801D0012080BD02F057FE0020B5
:109C000080BD000070B53F48008800B2002829D40C
:109C100003203D4C20560002A178451800F0AEF814
:109C200001B20004C0170A18424011B20020A94234
:109C3000014614DAF521490063185B78615CC906B6
:109C400001460CD5314909880906014607D4354932
:109C50008B785B1C8B70D9B2152906D30121314B4F
:109C6000987000E000212F4841702F48018809B208
:109C700000290BD42B4A5278022A24D0012A3BD047
:109C8000002A3ED1294A11400A4639E0FF24E63431
:109C90001D4B1D196D781D5D402425404E0615D4C1
:109CA000002D03D1194D2D882D06E3D505255D57CF
:109CB0002D021B79EB1812B29A42DBDC194A0223FF
:109CC00053702143018040220A4319E0002D03D143
:109CD0000E4C2488240607D505241C5724021B7922
:109CE000E31812B29A42C5DD0E4A012353700F4A9F
:109CF00011408918413101800C4A11408A184132C3
:109D0000028070BD6A02002000E4000016040020FA
:109D1000044900228A70487003480188034A0A40B7
:109D200002807047640200206C020020BF7F0000A8
:109D30000548002101607047034859210160162140
:109D400001608821016070470001005080B584B037
:109D5000074803900748029007480190FFF7ECFF7F
:109D600001A80C21FFF7ECFCFFF7E2FF04B080BD77
:109D700008090A0B04050607000102032420014913
:109D8000085E7047D40300200148007C7047C0463D
:109D90001002002010B5044600F014F8C1B2A14230
:109DA00003D0010604D0C0B210BD481C0106FAD190
:109DB0000120C0B210BD0000014800787047C046C5
:109DC000A0010020014800687047C046E00900205B
:109DD00002207047800002494058411E8841704768
:109DE00000410050044A002902D01168014301E0FB
:109DF000116881431160704708400050F8B5009029
:109E0000006800221E4B1446082C37D00125A540BF
:109E1000284230D0032696401F68B7431F60009940
:109E20000E79032E02D15E682E4308E03746974034
:109E3000196839431960002E02D15E68AE435E6036
:109E400000994E79002E10D0022E08D0012E12D18A
:109E5000996AA9439962596A294359620BE0596A80
:109E6000A9435962996A294304E0596AA94359628E
:109E7000996AA9439962921C641CC5E7F8BDC04663
:109E80000040005002490A6802430A607047C04619
:109E90002040005010B5400003228240044B1C6853
:109EA00094431C60814018680843186010BDC04688
:109EB00004000050F0B581B0EF4B5878411E597046
:109EC0009879C9B2032900D906E13E2800D003E100
:109ED000F820EA49085828229A5C0270FC200858A9
:109EE00019462831497801707E21E548415A3F22C0
:109EF00092020A400924E402A24200D1DEE01124C9
:109F0000A402A24209D001208003824200D0E0E0F6
:109F10000846FCF7B1FC01B0F0BD0022DA710288FE
:109F2000520400D5CFE0D84A13461E33994200D9D7
:109F3000D2E0D64C0E19D64D765D8027C655994293
:109F400000D1C9E06B181B195C7881254455144673
:109F50001C34A14200D9BFE09D7882268555A142DC
:109F600000D1B9E0DC788325445514461A34A14267
:109F700000D9B1E01D7984268555A14200D1ABE01E
:109F80005C798525445514461834A14200D9A3E0D4
:109F90009D7986268555A14200D19DE0DC798725F3
:109FA000445514461634A14200D995E01D7A8826FE
:109FB0008555A14200D18FE05C7A8925445514462D
:109FC0001434A14200D987E09D7A8A268555A142A2
:109FD00000D181E0DC7A8B25445514461234A1422D
:109FE0007AD81D7B8C268555A14275D05C7B8D254A
:109FF000445514461034A1426ED89D7B8E2685555B
:10A00000A14269D0DC7B8F25445514460E34A14211
:10A0100062D81D7C90268555A1425DD05C7C91253F
:10A02000445514460C34A14256D89D7C9226855541
:10A03000A14251D0DC7C9325445514460A34A142F8
:10A040004AD81D7D94268555A14245D05C7D952535
:10A05000445514460834A1423ED89D7D9626855528
:10A06000A14239D0DC7D97254455941DA14233D8B7
:10A070001D7E98268555A1422ED05C7E992544559B
:10A08000141DA14228D89D7E9A268555A14223D031
:10A09000DC7E9B254455941CA1421DD81D7F9C2627
:10A0A0008555A14218D05C7F9D254455914213D817
:10A0B0009C7F9E25445591420ED0D8E00022DA7153
:10A0C000028852040AD580302021F6F7A0FB01B0A7
:10A0D000F0BD0846FCF7A8FF01B0F0BD6A4A14467F
:10A0E0001E34A142F8D8DB89664D5B195D5C802681
:10A0F0008555A142F0D0CB185C7881254455144693
:10A100001C34A142E8D89D7882268555A142E3D02F
:10A11000DC788325445514461A34A142DCD81D79D5
:10A1200084268555A142D7D05C79852544551446AF
:10A130001834A142D0D89D7986268555A142CBD02E
:10A14000DC798725445514461634A142C4D81D7ABB
:10A1500088268555A142BFD05C7A8925445514468E
:10A160001434A142B8D89D7A8A268555A142B3D02D
:10A17000DC7A8B25445514461234A142ACD81D7BA1
:10A180008C268555A142A7D05C7B8D25445514466D
:10A190001034A142A0D89D7B8E268555A1429BD02C
:10A1A000DC7B8F25445514460E34A14294D81D7C87
:10A1B00090268555A1428FD05C7C9125445514464C
:10A1C0000C34A14288D89D7C92268555A14283D02B
:10A1D000DC7C9325445514460A34A14200D97BE720
:10A1E0001D7D94268555A14200D175E75C7D95259E
:10A1F000445514460834A14200D96DE79D7D96264A
:10A200008555A14200D167E7DC7D97254455941D13
:10A21000A14200D960E71D7E98268555A14200D154
:10A220005AE75C7E99254455141DA14200D953E795
:10A230009D7E9A268555A14200D14DE7DC7E9B2567
:10A240004455941CA14200D946E71D7F9C268555A4
:10A25000A14200D140E75C7F9D254455914200D941
:10A260003AE79C7F9E254455914200D134E7D97F3F
:10A270009F22815401B0F0BD100200201000002088
:10A280006005002000B8FFFFE15B0000180400201B
:10A29000F0BBFFFF10B50446FEF7E8FC002804D031
:10A2A000C1B2204602F098FA10BD204601F0E0FA53
:10A2B00010BD0000114A1060C0175060916000BFCF
:10A2C00000BF00BFD06891694907890F00D0002006
:10A2D0007047C046B0B54468084D2C60006868609F
:10A2E000A960E86810602869506068691860A8690A
:10A2F0000621014048424841B0BDC046008001509F
:10A3000001210B0332490A68002801D01A4300E0FA
:10A310009A430A607047C04600042D490A6892B209
:10A32000101808607047C046FEB51C490A6804232F
:10A3300013430B607D22D20142431948824200D36D
:10A3400002464A60002088600B68012213430B60BC
:10A35000714B9C6924041BD50C68E403F9D50C6887
:10A3600094430C6088601C6802945C6800949E684A
:10A37000DF681C69019414020A4D2C60094C2060AE
:10A38000009C5C609E60DF60019C1C61029C1C6004
:10A390000B6893430B608860FEBDC04610E000E090
:10A3A000FFFFFF00082400500121CB0208490A6882
:10A3B000002801D01A4300E09A430A607047C04663
:10A3C00003490A68034B134003430B607047C046C0
:10A3D0002C54004000F8FFFF01480068C0B27047ED
:10A3E00024540040014908607047C046285400408A
:10A3F00010B501210C02204601F0B0FA00212046E0
:10A4000001F0ACFA10BD000043490A68012300289E
:10A4100001D01A4300E09A430A607047C1002749FF
:10A4200001D40860704701221207904348617047C9
:10A43000C100064902D40968084004E0896908405F
:10A44000012109078843411E884170471854004084
:10A4500010B531490B68012293430B600B68134C14
:10A460001C4043682343846824021C430C600F2370
:10A470001B0604689C430C610B6813430B600023AC
:10A480008B60CB60836904691C438C60D2038B684A
:10A4900013438B60C2680B6813430B604A68044B1C
:10A4A000134040691843486010BDC046FFE0CF002C
:10A4B000FF7FFF07014908607047C0461C540040F9
:10A4C000154A002902D01168014301E01168814357
:10A4D00011607047104801680122914301600168D2
:10A4E000016811430160704701214B040A490A6861
:10A4F000002801D09A4300E01A430A607047C04622
:10A5000001218B0404490A68002801D01A4300E0A5
:10A510009A430A607047C04600540040F0B58FB0BF
:10A52000E14D2868E14914220A700E90002420466B
:10A53000FFF7EEFB204601F047FE0E98000714D40B
:10A540000E9840071FD40E98800735D40E988006C9
:10A5500058D40E98400500D43BE101208002FFF75B
:10A56000A9FFFFF7B7FF0FB0F0BD28680121014335
:10A5700029600820FFF752FFCD48048184704470A1
:10A5800044710FB0F0BDFFF727FFC94D697800296E
:10A5900023D02C70AA793E2A03D0AA793F2A00D072
:10A5A000DFE04A192723D054242901D323216970DD
:10A5B000481C68700FB0F0BDBD4CA079EE2833D1B7
:10A5C000A07841087C2900D909E1411CA170B94952
:10A5D000085CFFF707FF0FB0F0BD2C712979162238
:10A5E0004A40B5498A5C2A71A871A8792A79424003
:10A5F000D0B2085C2871A879EE2827D1AD48EE21A9
:10A60000017043E120242046FFF708FFA84FB879E6
:10A61000EE2800D0B0E0386920433861002038814E
:10A62000B87078710FB0F0BD6079002805D121793C
:10A6300017224A40A049895C21716189814200D07A
:10A64000B6E02079FFF7CEFE0FB0F0BDA879612803
:10A6500007D102F0B5F8994801210170984800210E
:10A660000180A879C000974A1158101840682962E3
:10A670006862AA793E2A05D0AA793F2A02D02C70B6
:10A68000CAB26A81AA793E2A03D0AA793F2A00D0A9
:10A69000D6E02878002800D1C0E028210C2068549A
:10A6A000A9793E2900D0E4E001226A81F823F84923
:10A6B000CB581B7829242B5502236B81FC23CB58C4
:10A6C0001B782A242B5503236B8112028A58127897
:10A6D0002B23EA5404226A81412292008A5812787C
:10A6E0002C23EA5405226A812122D2008A5812784A
:10A6F0002D23EA5406226A81432292008A58127856
:10A700002E23EA5407226A81112212018A581278F4
:10A710002F23EA5408226A81452292008A5812782F
:10A720003023EA5409226A812323DB00CB581B78AB
:10A7300031242B550A236B8147239B00CB581B7870
:10A7400032242B550B236B8152018A581278332304
:10A75000EA54688149208000085800783421685400
:10A7600092E0AA79EE2A3CD1F92938D8514A5054BE
:10A77000481C68700FB0F0BD7C78012C3CD8B879CB
:10A78000502800D04AE70023BB81EB48EB49C04A80
:10A79000C418645C9B009B18F8255B591C70BB892E
:10A7A0005B1CBB819BB20C2BF2D30120387035E7C8
:10A7B00025462835285CFFF715FE6079295C401C8A
:10A7C000607120794840C0B23B49085C20710FB0ED
:10A7D000F0BD0E98C00602D51020FFF71FFE0FB087
:10A7E000F0BD4A192723D054242901D323216970AD
:10A7F000481C68700FB0F0BDB879042C4BD86428A1
:10A8000000DD6EE1382800DD9AE1012800D1B3E1D6
:10A81000072800D002E701F0D9FFFFE62820222117
:10A820002954012068819A48F830292104C81278F7
:10A830006A544A1C273969814B2A1146F6D125E012
:10A840006A89022A00D83FE12822A95401222A81DC
:10A85000CAB2521C6A81090618D0511E0022835CBC
:10A86000AC182926A355931C2B81521C9142F6D17A
:10A870000CE0A8793F2809D1D348AF4909182846E8
:10A8800029300C22F5F766FF0D2068816878401C9E
:10A8900068700FB0F0BD01463E39712900D929E238
:10A8A000880009A108588746185400406402002017
:10A8B0001002002062040020A8D70000D503002069
:10A8C000E203002020DB00000FAD000095AA00008D
:10A8D00095AA000095AA000095AA000095AA00007C
:10A8E00095AA00006DAD00008DAD000095AA000096
:10A8F00095AA000095AA000095AA000095AA00005C
:10A9000095AA000095AA000095AA000095AA00004B
:10A9100095AA000095AA000095AA000097AA000039
:10A9200095AA000095AA000095AA000095AA00002B
:10A9300095AA000095AA000095AA000095AA00001B
:10A9400095AA000095AA000095AA000095AA00000B
:10A9500095AA000097AA000095AA000095AA0000F9
:10A9600095AA000095AA000095AA000095AA0000EB
:10A9700095AA000095AA000095AA000095AA0000DB
:10A9800095AA000095AA000095AA000095AA0000CB
:10A9900095AA000095AA000095AA000095AA0000BB
:10A9A00095AA000095AA000095AA000095AA0000AB
:10A9B00095AA000095AA000095AA000095AA00009B
:10A9C00095AA000095AA0000F5AD000095AA000028
:10A9D00095AA000095AA000095AA000095AA00007B
:10A9E00095AA000095AA000095AA000095AA00006B
:10A9F00095AA000095AA000095AA000095AA00005B
:10AA000095AA000095AA000095AA000095AA00004A
:10AA100095AA000095AA000095AA000095AA00003A
:10AA200095AA000095AA000095AA000095AA00002A
:10AA300095AA000095AA000095AA000095AA00001A
:10AA400095AA000095AA000095AA000095AA00000A
:10AA500095AA000095AA000095AA000095AA0000FA
:10AA600095AA000095AA000095AA0000ADAD0000CF
:10AA700095AA000095AA000009AE0000BFAD000035
:10AA80001BAE0000D1AD000095AA0000E3AD0000B0
:10AA900010000020C2E505A82221F5F7BAFE00212A
:10AAA000B981601E0A467B1828241B5D05AC6354DF
:10AAB000521C91B28842F6DCBA81612005A9FAF7EE
:10AAC00012FB0120F870A9E52C81002A00D1DDE6F7
:10AAD000015D2B1928269955641C2C81A242F7D1BF
:10AAE000D4E6812837DC652849D0732800D095E565
:10AAF0002820385C3946283149780902081880B284
:10AB00000B2800D946E24000784480884000874402
:10AB1000210227022D02410233020B0039020B00F1
:10AB20000B000B000B000B006D208000C8490818BB
:10AB30002021F5F76CFE2DE200E40000390300004F
:10AB4000392800D1CFE03E2800D067E538690221DE
:10AB50000143396162E5822800D11BE2BF2800D0A1
:10AB60005CE52820385C3946283149780902081804
:10AB7000EA49E94A505251E501F022FE4EE528200B
:10AB8000385C394628314978090208185925A90046
:10AB9000E14A505280B20F2800D93FE54000C0463C
:10ABA00078448088400087441200FB011100200295
:10ABB00025022A022F02340239023E0243024802D1
:10ABC0004D02520257025C024503000026E56C204C
:10ABD000125E01218803012A04902CDB90B20390BD
:10ABE000CF48D0490A5C0818407800028018CE4A45
:10ABF0008B5C891849780902CE18301AF6F753FB96
:10AC00000022CA4BF6F7B0F802900C460398401E9B
:10AC1000F6F749FB02460B4602982146F6F790FBF1
:10AC200003900C463046F6F746FB039A2346F6F7A8
:10AC30006BF8F6F7F3FA0090B3214A0003927D21F6
:10AC4000CB00B5498B52FF2632467232040E8C542B
:10AC500032467032040A8C546820085A0190000A67
:10AC600034466C3408550A46B14800880290B14C0D
:10AC70004443200E31467A315054210A334678330A
:10AC8000D15433467633D05430467430115403983F
:10AC90001218002003905080009B190C91721372BF
:10ACA000D08001991171D082049991821474147327
:10ACB000210C91749173A0490988029BC91A9D4B7C
:10ACC00059430B0E049334468234934B0498185521
:10ACD0000B0A8036904CA35595830398D083117648
:10ACE000080C90769AE42820385C8B490C31FAF7EE
:10ACF00011F993E4FA2800D090E43F20000186493E
:10AD00000818394629310F22F5F724FD86E400237F
:10AD1000BB818A488A493A462832D45C9B001B187A
:10AD2000F8255B591C70BB89D25C5B1CBB813C79EC
:10AD30005440E2B28A5C3A717A78941E9BB29C428B
:10AD4000E9DC38192821405C3979814200D065E47A
:10AD50007E207149085A830B71D0101FFE2288543F
:10AD60007848016803220A43026057E42920385CCE
:10AD70002A21795C090208182B21795C0904401802
:10AD80002C21795C09064018786147E42920385C59
:10AD90002A21795C090208182B21795C09044018E2
:10ADA0002C21795C09064018B86137E42920385C09
:10ADB000394629314A7812021018F54A35E029201F
:10ADC000385C394629314A7812021018F44A2CE0CE
:10ADD0002920385C394629314A7812021018EE4A87
:10ADE00023E02920385C394629314A7812021018AC
:10ADF000E84A1AE0FB204000E4490818EAA11422BE
:10AE0000F5F7A8FCFFF70AFC2920385C3946293100
:10AE10004A7812021018E34A07E02920385C3946C4
:10AE200029314A7812021018DC4AD84B98529818E7
:10AE30008A78C978090289184180FFF7EFFB01463B
:10AE40004A39302900D930E1880002A108588746E4
:10AE5000600500204DAF0000BBB00000CBB000008B
:10AE6000D3B00000DBB0000049AF000049AF0000E4
:10AE700049AF000049AF000049AF000049AF0000F2
:10AE800049AF000049AF000049AF000049AF0000E2
:10AE900049AF000049AF000049AF000049AF0000D2
:10AEA00049AF000049AF000049AF000049AF0000C2
:10AEB00049AF000049AF000049AF000049AF0000B2
:10AEC00049AF000049AF000049AF000049AF0000A2
:10AED00049AF000049AF000049AF000049AF000092
:10AEE00049AF000049AF000049AF0000E3B00000E7
:10AEF00049AF000049AF000049AF000049AF000072
:10AF000049AF000049AF000049AF000049AF000061
:10AF100049AF0000EBB0000060050020CE03000048
:10AF20005B03000000E4000059030000004058C02B
:10AF3000FA02002078E60000FC0200201000002049
:10AF4000A8D7000008040020FFF768FB9B480168B1
:10AF5000812208E76D2080008C490818B24916E06C
:10AF60006D20800089490818A7A110E06D2080009D
:10AF7000864908189CA10AE06D20800083490818C2
:10AF8000AA4904E06D208000804908188EA1202283
:10AF9000F5F7E0FBD8207D4901220A52FFF73EFB7E
:10AFA000108BC00666D4B32042001C21774B995207
:10AFB00068201B5AAB4CA34200D32346734E335236
:10AFC0001C0AFF20054670357455B41800226280B3
:10AFD00061812372318B890600D58FE0BD2040004E
:10AFE0006A490A52081842809DE0B32040001018B8
:10AFF0009B493AE0B32040001018984935E0B3204F
:10B0000040001018944930E0B320400010189149D6
:10B010002BE0B320400010188D4926E0B3204000FB
:10B0200010188A4921E0B3204000101886491CE01E
:10B03000B32040001018834917E0B32040001018D7
:10B040007F4912E0B320400010187C490DE0B32086
:10B0500040001018784908E0B320400010187549E6
:10B0600003E0B3204000101871492022F5F772FB6D
:10B07000FFF7D4FAB3204000444A918C11541018C1
:10B080000A0AC272817277490181002141804270AF
:10B09000C17575490988FF22023295324A4302750B
:10B0A000110C8175110A41753DE00B2801D0FFF7A5
:10B0B000B5FA42480168434A55E6FF2002303F494D
:10B0C0000A6802430A60FFF7A9FA3C480168412276
:10B0D00049E63A480168112245E6384801682122CC
:10B0E00041E636480168364A3DE601208102334A8E
:10B0F00013680B4303431360FFF790FA01467E3158
:10B100000122224C625458490988584A4A435849F6
:10B110005118BD225200A1540A0C5F239B00E25437
:10B12000090A7C302154B92040000021174E3152C9
:10B13000BF2252000123B3522F22D2000723B35261
:10B14000BB2252004B4BB3525B229200B152B5224C
:10B150005300494A1288F2540323DB01F154FF23C0
:10B160001C4682343155C124640031551C46843458
:10B1700031556124A40031551C46863431556C3359
:10B18000120AF25430184180FFF748FA6005002097
:10B1900046030000A20300006A0300006E030000E3
:10B1A00066030000620300000076960A71FB44000B
:10B1B000FF929000C8AA3B000086860A080400207F
:10B1C0000102000001000040D10300000400000063
:10B1D000000000000000000000000000000000006F
:10B1E00000000000000000009B0C000053F8530218
:10B1F0003841FDFF100D0000200651021B24000005
:10B200004093EA0F64E23A020000000000000000F0
:10B210000000000000000000230D0000230D0000CE
:10B2200013B86A0BCB9FA80BE0DA0000C0DA00006D
:10B23000A0DA000080DA000060DA000040DA0000E6
:10B2400020DA000000DA0000E0D90000C0D90000D8
:10B25000A0D9000080D9000060D9000040D90000CA
:10B2600020D9000068420000240A00206AFEFFFF87
:10B27000FFFF9500DBAC000068020020F0B581B054
:10B280003D48817BC27B120251180DD03B4881831F
:10B29000FF20E0303A490A185278085C000701D5CF
:10B2A000FAF788F801B0F0BD2A21002646547D2126
:10B2B000CD003A2145543821455457218900304A60
:10B2C000535C342403555118497800910902C91878
:10B2D0002C4F2A4BD953C6726427877207462A37E8
:10B2E000FE70BE707E705526B700D65D8674FF2353
:10B2F0001E46F236945D047104463A342D0A657098
:10B30000044638346570D4196478C47494191B4E9B
:10B310006478447104463434009D6570AD24640043
:10B32000155D1419647824026419B483E033D518C8
:10B330006D78D35C1B071BD41F231B01D25C6C23CD
:10B34000F2522423534359432E2281545C43047602
:10B350000A0E03462E33DA700A0C9A70090A5970E5
:10B36000210EC176210C8176210A417601B0F0BD13
:10B37000FAF720F801B0F0BD8C0200206005002033
:10B3800000E400000E0200000D4801490160704712
:10B39000CCCC0000014908607047C0460430004032
:10B3A0000748014901607047AAAA000001490860E6
:10B3B0007047C04608300040014908607047C046E9
:10B3C0000030004001F014FDFCF7BCFDFDF748FD26
:10B3D000F9F774FFFCF7B2FDFCF750FEF6E700004A
:10B3E00070B501242046FDF70FFC012815D101247A
:10B3F0002046FDF703FC2046FDF738FB7D21CD00FC
:10B40000294601F087FF084E306000242046FDF7F2
:10B410002DFB294601F07EFF7060204670BDC046BE
:10B42000014840687047C0465C020020F0B58DB00E
:10B430008248FFF7C1FF04200490FFF7ABFF01240F
:10B44000E002FFF7B3FFFFF79FFF002528460095B6
:10B45000FFF7B2FF72B620020290214600F066FAB2
:10B4600002200190214600F061FAFF2630460230AA
:10B4700006AFB88072480690FEF75EFC3846FEF7CD
:10B48000CFF92846FEF700FBFEF752FC05A88470B2
:10B49000039631460431018000F0A0F96004214692
:10B4A00000F050FA102000F061FA06A804703F2165
:10B4B00009020181E1218E0031467C310991079416
:10B4C00001F0CCF8204601F0A3F8204601F0ACF8DA
:10B4D0000498214600F02AFA2046214600F026FA78
:10B4E00006AF019DBD80049806903846FEF786FCA5
:10B4F00028462146FEF7CEFCBD8008250695384635
:10B50000FEF77CFC03202146FEF7C4FCFAF79AFF05
:10B510000298214600F016FA2046FEF7E5FF3E208D
:10B520002146FEF7CDFF00990C910B9116200A9051
:10B53000099108910F4607914248069006A8FEF728
:10B5400087FFC820FEF7E8FE2046FEF7D9FE20461A
:10B55000FEF7D6FF2046FEF757FF3B48FEF730FFC9
:10B560002046FEF721FF8020214600F0DFF9284623
:10B57000214600F0DBF9FDF77FFC00F0C7F906A8D3
:10B580008470058000F02AF97D20000101E0002888
:10B5900012D0069606994A1E0692401E0029F6D041
:10B5A0000699491C06910699491E069106994A1E5C
:10B5B00006920029F4D1EAE7FCF7ACFB3846FDF728
:10B5C00043FAA006214600F0BDF90A9760060990EB
:10B5D00008970797069706A8FDF7E6FA2046FDF7B5
:10B5E0001DFA2046FDF71AFB3846FDF733FB1748D6
:10B5F000FDF720FA2320FDF7CDFA0420FDF71EFB0E
:10B600003846FDF7EDFA2046FDF71EFA06ADAC70A0
:10B6100005202880284600F0E1F8AC700398083037
:10B620002880284600F0DAF8AC70094828802846BF
:10B6300000F0D4F862B60DB0F0BDC046555500001C
:10B640000100000109033100FF7F0000E8FD000058
:10B6500003020000F0B581B0D020DB4D00262E5053
:10B66000C8202E5038480A242C542818401C214643
:10B67000F5F7CDF8354829180227354ACA51354A19
:10B680002A5235482A18354BD351354B2B52354B5E
:10B690000B200090E854A0233348E8503348C8807A
:10B6A000332090713248A8802846A030334B34496B
:10B6B000344A42608160C3602F4901612D49416174
:10B6C00028482818401C1F21F5F7A1F82E496818B2
:10B6D00012222E4B83500E222D4B83502D4A0251A5
:10B6E00006222D4B83502D4AC2512D4A6A522D49B4
:10B6F0006E542D496E542D4A2D49A9522D492E4B79
:10B700006B52009B9B012D4CEC50B1239B002C4CA9
:10B71000EC52AA182B4BD3515D22C2828676067654
:10B72000294A8283294AC2836818294941802948C5
:10B730002918CE5101222A52CE802748E880702055
:10B74000288101B0F0BDC046C60200005E020000C4
:10B750004D4D4354554100003E0200003643303900
:10B760003931000006030000CFA383064D410000DD
:10B7700001630000AD0C35007C021300A80BC20C65
:10B78000A70E080006B98000DA02000044B0A9E95B
:10B790000B00EE7DDFC5BACB002047CC01002300B3
:10B7A000B9820000F5020000F3020000BA020000B6
:10B7B0005442000046030000A216000054424454C4
:10B7C0004244000044544244B5FF0000FFFF000023
:10B7D00043060000FE02000020370000B0B50178EB
:10B7E0008278002A16D08A07D20EFF2393400D4C90
:10B7F0000C190325AC4325689D4340788001C0B2F5
:10B800009040284320601F200840012181400648C5
:10B810000160B0BD1F20014001208840034908603D
:10B82000B0BDC04600E400E000E100E080E100E0DF
:10B83000002801D062B6704772B6704780B5FEF737
:10B8400040F9002080BD0000BFF34F8F034804493A
:10B850000160BFF34F8F00BFFDE7C0460CED00E075
:10B860000400FA0580B5FEF767F9002080BD0000EE
:10B8700080B500283FD04178503910293BD8C046C8
:10B880007944097949008F44080C10143636181C85
:10B89000203624282C3034383C00FDF7AFFC002043
:10B8A00080BDFDF789FD002080BDFDF7B9FB0020BC
:10B8B00080BDFDF705FE002080BDFDF76DFE002078
:10B8C00080BDFDF7E7FA002080BDFDF749FB0020B1
:10B8D00080BDFDF709FD002080BD00F01FFC0020A9
:10B8E00080BD00F0BFFB002080BDFDF721FC0020E3
:10B8F00080BDFDF7B9FE002080BD00F047FB0020B1
:10B9000080BD01F06BFC002080BD0000054801688F
:10B9100004220A4302600120C00503490A68024369
:10B920000A60704710ED00E000200050044A002932
:10B9300002D01168014301E0116881431160704732
:10B9400024240050044A002902D01168014301E078
:10B95000116881431160704728240050002900D1EC
:10B9600008460149086070470824005004490A68E5
:10B9700010239A430A600A6802430A607047C0466F
:10B9800034240050F0B585B07520C0000E4F381833
:10B9900000900E483D188B208600B8195521CC0028
:10B9A0003A19FB21490004917B180390029529461E
:10B9B000F9F7E6FC3846BC30F9F7DCFCB95D01204C
:10B9C000FF2909D004E0C046600500201A020000EB
:10B9D0000029014600D090E00249795C002907D097
:10B9E00002E0C0462D020000FF29014600D084E09D
:10B9F0000249795CFF2906D002E0C0462E02000011
:10BA00000029014679D10249795CFF2905D001E07E
:10BA10002F020000002901466FD123210901795C22
:10BA2000FF2902D00029014667D10249795CFF292C
:10BA300005D001E031020000002901465DD1024934
:10BA4000795CFF2905D001E032020000002901469F
:10BA500053D10249795CFF2905D001E0330200008F
:10BA60000029014649D18D218900795CFF2902D046
:10BA70000029014641D1FC49795CFF2902D0002907
:10BA800001463AD1F949795CFF2902D000290146E3
:10BA900033D1F749795CFF2902D0002901462CD126
:10BAA0004721C900795CFF2902D00029014624D131
:10BAB000FC49795CFF2902D0002901461DD1FA49D1
:10BAC000795CFF2902D00029014616D1F749795C3B
:10BAD000FF2902D0002901460FD18F218900795C0E
:10BAE000FF2902D00029014607D1F149795CFF29DD
:10BAF00002D00029014600D10021E94ABA5CFF2AA0
:10BB000002D0002A02467BD1EA4ABA5C002A02D05F
:10BB1000FF2A024674D187229200BA5CFF2A02D023
:10BB2000002A02466CD1E44ABA5CFF2A02D0002AFD
:10BB3000024665D1E14ABA5CFF2A02D0002A0246D9
:10BB40005ED1DF4ABA5CFF2A02D0002A024657D1F2
:10BB500011225201BA5CFF2A02D0002A02464FD1BC
:10BB6000D84ABA5CFF2A02D0002A024648D1D64AF7
:10BB7000BA5CFF2A02D0002A024641D1D34ABA5CFD
:10BB8000FF2A02D0002A02463AD189229200BA5CEA
:10BB9000FF2A02D0002A024632D1CD4ABA5CFF2ADF
:10BBA00002D0002A02462BD1CA4ABA5CFF2A02D030
:10BBB000002A024624D1C84ABA5CFF2A02D0002AD1
:10BBC00002461DD14522D200BA5CFF2A02D0002ACB
:10BBD000024615D1C14ABA5CFF2A02D0002A0246A9
:10BBE0000ED1BF4ABA5CFF2A02D0002A024607D112
:10BBF000BC4ABA5CFF2A02D0002A024600D10022C9
:10BC00003B5DFF2B02D0002B03467BD1B64BFB5C88
:10BC1000002B02D0FF2B034674D1B44BFB5CFF2BEF
:10BC200002D0002B03466DD1B14BFB5CFF2B02D041
:10BC3000002B034666D1AB239B00FB5CFF2B02D09D
:10BC4000002B03465ED1AB4BFB5CFF2B02D0002BDD
:10BC5000034657D1A84BFB5CFF2B02D0002B0346B9
:10BC600050D1A64BFB5CFF2B02D0002B034649D1E1
:10BC70002B231B01FB5CFF2B02D0002B034641D181
:10BC80009F4BFB5CFF2B02D0002B03463AD19D4B10
:10BC9000FB5CFF2B02D0002B034633D19A4BFB5C9D
:10BCA000FF2B02D0002B03462CD1AD239B00FB5C65
:10BCB000FF2B02D0002B034624D1944BFB5CFF2BBF
:10BCC00002D0002B03461DD1914BFB5CFF2B02D011
:10BCD000002B034616D18F4BFB5CFF2B02D0002BB1
:10BCE00003460FD15723DB00FB5CFF2B02D0002B58
:10BCF000034607D1884BFB5CFF2B02D0002B034689
:10BD000000D10023049C3C5DFF2C01D0002C7DD190
:10BD1000FF242546F8357D5D002D01D0FF2D75D11E
:10BD20003F25ED007D5DFF2D01D0002D6ED1254614
:10BD3000FA357D5DFF2D01D0002D67D1FD256D0009
:10BD40007D5DFF2D01D0002D60D12546FC357D5D48
:10BD5000FF2D01D0002D59D17F25AD007D5DFF2D38
:10BD600001D0002D52D12546FE357D5DFF2D01D03D
:10BD7000002D4BD164003C5DFF2C01D0002C45D13F
:10BD8000664C3C5DFF2C01D0002C3FD101204402C9
:10BD90003C5DFF2C01D0002C38D1614C3C5DFF2C68
:10BDA00001D0002C32D15F4C3C5DFF2C01D0002C27
:10BDB0002CD15D4C3C5DFF2C01D0002C26D1812480
:10BDC000A4003C5DFF2C01D0002C1FD1574C3C5DE2
:10BDD000FF2C01D0002C19D1554C3C5DFF2C01D01B
:10BDE000002C13D1534C3C5DFF2C01D0002C0DD105
:10BDF0004124E4003C5DFF2C01D0002C06D14E4CC8
:10BE00003C5DFF2C01D0002C00D10020BC243E5D05
:10BE10000025FF2E01D0002E12D1BD26BE5D002EC2
:10BE200001D0FF2E0CD1BE26BE5DFF2E01D0002E0C
:10BE300006D1BF26BE5DFF2E01D0002E00D1012508
:10BE4000002917D0002A15D0002B13D0002811D0BC
:10BE5000002D0FD139481221017000F0B7FC38488D
:10BE60000021017014E0C0463502000036020000D7
:10BE7000370200003348344D291811260298324603
:10BE8000F4F768FC3148291803983246F4F762FC4D
:10BE90003859A92189007850FCF7E4FA05B0F0BDC3
:10BEA0001A020000390200003A0200003B020000C2
:10BEB0003D0200001B0200001D0200001E020000E7
:10BEC0001F020000210200002202000023020000E5
:10BED00025020000260200002702000029020000BF
:10BEE0002A0200002B020000A9020000AA020000A2
:10BEF000AB020000AD020000AE020000AF02000085
:10BF0000B1020000B2020000B3020000B50200005E
:10BF1000B6020000B7020000B9020000FF010000F5
:10BF200001020000020200000302000005020000FE
:10BF300006020000070200000902000001000020C4
:10BF4000D50300208602000000E40000A6020000E5
:10BF50000021C1708170417001210170042070477F
:10BF6000582181713622427135220271C1704D21F2
:10BF700081704221417043210170072070470321E5
:10BF800081704170052202700846704770B586B016
:10BF9000044604A80025057003A90D7002A90D80B0
:10BFA00001AA1570A37803700498A0791070E07945
:10BFB000088002981278000280180880029802997E
:10BFC00005AA1570E071080A207210780A2818D89E
:10BFD00020460A301D4905AA1378DB00CB5A02AE71
:10BFE00036881278B34206D0521C05AB1A701A7804
:10BFF0000B2AF0D305E0D20089184968884703A9C5
:10C00000087003A8007840087D2801D303A80570B4
:10C01000EE20207003986072DF2060702571E5705B
:10C020000398C01DA0705E4800786071FDF7B2FEF5
:10C030005C490870A071A0782518C01CC1B22046C8
:10C04000FCF79AFCE87006B070BDC046A8D80000A6
:10C050000421C17003228270022242700122027008
:10C0600008467047F0B58DB00646807802282CD976
:10C07000801EC1B229292DD201062ED0721DC0B258
:10C080000023D45C02ADEC545B1C8342F9D3F51D54
:10C09000002928D0019600243F4A2346264605E081
:10C0A0006D188F19FEB25B1C834219D202A9CF5CB6
:10C0B000762F2146F4D8022169702F70D15DA970C6
:10C0C000D1194978E9700421EAE70220801EC1B243
:10C0D0002929D1D329200106D0D1F51D042003E060
:10C0E000381D019E00E00420EE21317000213171E5
:10C0F000F170B070DC207070294800787071FDF725
:10C1000049FE28490870B071B078C01CC1B23046F1
:10C11000FCF732FC28700DB0F0BDC046F0B581B020
:10C120000446684600250570A078042802D86846B1
:10C13000FF2101706079722814D1A079042811D1EF
:10C14000FDF746FE02280DD1207AA17A627AE379C2
:10C150007226114FBB55114B01261E707237BA70F3
:10C16000F9707870EE2020702571E5700420A070C1
:10C17000DB2060700A4800786071FDF70BFE09490A
:10C180000870A071A078C01CC1B22046FCF7F4FB77
:10C19000E07101B0F0BDC0466809002054040020E1
:10C1A000080200200902002080B515488178CA07DE
:10C1B00009D0012251408170FCF752FE6420FCF747
:10C1C000C1FBFFF741FB80BD0148002101807047A2
:10C1D00012040020002905D00549096901430448DB
:10C1E0000161704702490969814301480161704753
:10C1F0001002002002498A7802438A707047C046C4
:10C2000008020020F0B5A1B014460E46054601A86C
:10C2100080210091F4F7FDFA3F2037460740382F80
:10C2200001D240210091002F06D031468143691888
:10C2300001A83A46F4F78EFAB10901A88022C25546
:10C24000009A1018421EF3001370821E73091370B7
:10C25000C21E730B1370001F720D0270002229485A
:10C2600016468A4219D0436A0227002E01D0BB43EA
:10C2700000E03B4343620023402B04D0EE5836BA23
:10C2800006601B1DF8E7ED18836ADB07FCD0836AA4
:10C29000012633438362521CE3E700998909002297
:10C2A00001AB8A4219D0456A0227002E01D0BD4356
:10C2B00000E03D4345620025402D04D05E5936BA6A
:10C2C00006602D1DF8E75B19856AED07FCD0856ACD
:10C2D000012635438562521CE3E7203000212029E6
:10C2E0000ED00268120E6254621803681B0C537061
:10C2F00003681B0A93700368D370001F091DEEE7E3
:10C3000021B0F0BD00400350F0B503AFAFB06E46B2
:10C310001C46F2603061716108466730072188432E
:10C320006946081AB0618546F01D753040252946DA
:10C33000F4F76FFAF01D35302946F4F76AFA412C0C
:10C340000CD3F41D7534306971692246FFF75AFF2A
:10C35000F01D3530202521462A4609E02246F01DF1
:10C360007530F168F4F7F6F9F01D3530F1682246C2
:10C37000F4F7F0F9B868F060002085420DD0F11DA7
:10C3800075310A5C5C2353400B54F11D35310A5C56
:10C39000362353400B54401CEFE7F11D3531B4698F
:10C3A00020462A46F4F7D6F96019B06031697469FD
:10C3B0002246F4F7CFF92919F21D15327261B469DA
:10C3C0002046FFF71FFFF11D753120462A46F4F77E
:10C3D000C1F92022B0687169F4F7BCF92035204614
:10C3E0002946F268FFF70EFFFC1F053CA546F0BD8D
:10C3F000B0B56420FDF798FFFFF788FA094C607824
:10C40000000600D5B0BD0120C5030420FDF73AFDAC
:10C4100005480168054A0A43026020682842F1D1B4
:10C4200030BFB0BD185400401C400050040008004C
:10C4300080B50A484178022904D8C900084ACA4090
:10C4400008490A700178002904D0491E01700806C5
:10C4500000D080BDFFF7CCFF80BDC0466402002045
:10C46000010A2800A0010020F0B587B03420584907
:10C47000085C3431497809020C185B20C00055492A
:10C4800005900C5254480C522046F4F714FF054610
:10C49000069155208000C9490A5C081840780002BE
:10C4A00080180490F4F707FF4C4A4D4B039002911B
:10C4B000F4F746FF06460F4601952A46069B01F013
:10C4C00002F800280CD0049A039E029F4149488C30
:10C4D000C8280ED894421FD205980A5207B0F0BD62
:10C4E00030463946F4F764FE3A49059A885207B057
:10C4F000F0BDFF212E31884210D2434A434B3046D3
:10C500003946F4F71DFF04460D46019A069B00F0DC
:10C51000E5FF304A002839D007B0F0BDC831884265
:10C520000FD2374A374B30463946F4F709FF0446F5
:10C530000D46019A069B00F0D1FF264A0028EBD158
:10C5400024E0284988420FD22B4A2C4B30463946EA
:10C55000F4F7F6FE04460D46019A069B00F0BEFF76
:10C560001C4A0028D8D111E0C831884217D2204A8D
:10C57000204B30463946F4F7E3FE04460D46019A57
:10C58000069B00F0ABFF134A0028C5D12046294680
:10C590001446F4F70DFE0599605207B0F0BD124A3B
:10C5A000124B30463946F4F7CBFE04460D46019A4D
:10C5B000069B00F093FF074A0028ADD1204629468C
:10C5C0001446F4F7F5FD0599605207B0F0BDC0467A
:10C5D0008C020020600500200E02000052B81E856B
:10C5E000EB51F03FBD02000048E17A14AE47E93F4D
:10C5F0009A9999999999E93F85EB51B81E85EB3F36
:10C60000713D0AD7A370ED3F0AD7A3703D0AEF3FF3
:10C6100001210B0422490A68002801D01A4300E0D6
:10C620009A430A607047C04601218B071C490A687B
:10C63000002801D01A4300E09A430A607047C046C0
:10C640000548016801220A430260704702480168F8
:10C65000012008407047C04608240040B0B50123BF
:10C660005C070F490A680578012D01D0A24300E05C
:10C670002243047A012C02D00A4B1A4001E01B0528
:10C680001A43094B1340427A4468E406A2181A433D
:10C690000A604A68D201FCD4C0684860B0BDC04698
:10C6A0000024004000FFEFE700FFFFE710B5FDF7B3
:10C6B0006BFB800637D4FDF767FBC0063ED4FDF761
:10C6C00063FB800705D5FDF7F5FB02200021FFF78E
:10C6D00081FDFBF739FDF7F7A1FB364C2088800779
:10C6E00005D52088022188432080F9F799FA32483D
:10C6F0000188C9070DD00188012291430180FF20E4
:10C70000E0302E490A185278085C000601D5F7F788
:10C71000D3FE208800061AD42088C00626D420889C
:10C72000800632D410BD2248FDF7B4FD2020002140
:10C73000FFF750FDFDF728FBC006C0D510200021F3
:10C74000FFF748FDFDF720FB8007BCD4C1E7208838
:10C75000802188432080F7F7EBFDF7F7EEFD00F02E
:10C7600035F8FFF721FD2088C006D8D52088102194
:10C7700088432080F8F776FFF8F779FF00F026F875
:10C78000FFF712FD20888006CCD520882021884321
:10C790002080FF20E03009490A185278085C000622
:10C7A00001D5F7F789FE00F011F8FFF7FDFC10BD89
:10C7B000620400205E0300208602002000E40000E6
:10C7C00080B510200121FDF70DFB80BD80B5102044
:10C7D0000021FDF707FB80BDF0B581B0002860D0D7
:10C7E0000446EE20207021710025E5700420A07021
:10C7F00060788021014361702B4E37786771FDF7B7
:10C80000E1FAC1B28F4200D1481C010600D10120DB
:10C810007070A071A078C01C010641D0002521468F
:10C8200003E0491C401E02063AD0EAB20D7855409A
:10C830006B0007222D0615D45D001B0616D46B0075
:10C840002D0617D45D001B0618D46B002D0619D4D5
:10C850005D001B061AD46B002D061BD45D001B0661
:10C86000DFD51BE053405D001B06E8D555406B004B
:10C870002D06E7D553405D001B06E6D555406B00FD
:10C880002D06E5D553405D001B06E4D555406B00F1
:10C890002D06E3D553405D001B06C2D55540C0E7C9
:10C8A000E57101B0F0BDC04608020020F0B587B0C8
:10C8B000FD4F00267E72FEF793FD00284DD0387A9A
:10C8C000401C3872C0B2022803D33E720120FCF72C
:10C8D000BBF8012000F056FC012800D0F8E001264A
:10C8E000304600F049FC0025E843049078780028A1
:10C8F000029666D0F248008800B2002800D5F2E027
:10C90000F889042800D2F8E0EE48C0890590752027
:10C9100006AC2146F8F7FEFA2488EB48201880B2CE
:10C920008008E92800D212E1E84E752006AC2146C5
:10C93000F8F7F0FA2488A01980B2E549884200D8B7
:10C9400005E1B88A401CB88280B2062800D2C1E155
:10C950000620B88202983871FEE001242046FCF7D8
:10C9600073F8D748008805B2FEF75AFD002D62D44F
:10C97000FC4AFB4DA95CAA18527812025318FD49D3
:10C980006A5C6918095709028918411A5943C8177E
:10C99000800C081880130746F8F7B6F881B2FC221D
:10C9A000AA5CFC356B781B029B180022994200D8C8
:10C9B0001046F14C208099423B4600D81346EA4F7E
:10C9C0004AE00A2402203146324600F061FA21464C
:10C9D00000F0A0FC0346E548008800B2002808D417
:10C9E000EF48E3490A5C0818805700028018444366
:10C9F0001B191C04EB482018EB49884205937ED292
:10CA000018B2EA4941186622DF4EB15206A90B80DE
:10CA10000A211E4600F07EFC3346E0490870E448D7
:10CA20002018E44988426CD8D748008BC00668D5E6
:10CA30000298F87068E00446FDF7BEF9F979081825
:10CA4000F871C0B2792806D30020F871C74A10885F
:10CA5000CA49014011802346C9481818C94988426B
:10CA600003932DD8787A0221014379726C21C6484C
:10CA7000415E642920DBBD49098809B200291BD425
:10CA8000012B19DBC14ABA498B5C8A185278120211
:10CA9000D218039B93420FDA7A8B521C7A835B2362
:10CAA000DB00CC5CC91849780902091992B28A42A4
:10CAB00000D3F6E0039902E0002179831946C18290
:10CAC00000203872012000F05DFB012800D106E74C
:10CAD000787A810700D535E1C00700D037E1F7F754
:10CAE000E1F807B0F0BD752006A9F8F713FA662043
:10CAF000A549069A0A52CA8140E03E712CE006A878
:10CB00000380F87800280DD09F48008BAA49591857
:10CB100089B2A92902D81021084000D1FD70323B0A
:10CB200006A90B80AF2149005918953189B2A34A53
:10CB3000914223D89D495918934AD181797A042288
:10CB40000A437A7218B20A2100F0E4FB14E0BD82B5
:10CB50003879002800D1CFE08B48C1896622815204
:10CB60003D718C48091806A80180059108B20A2178
:10CB700000F0D0FB89490870874908708648007822
:10CB80008F490870794C208805B20020019000F090
:10CB900061FA0646002D0BD48A4875490A5C0818CC
:10CBA0004078000280187043C117890C4018861322
:10CBB000059805B28448854219DC208800B20499A2
:10CBC000884214DDF1172A46FA3AD3173046F3F7B4
:10CBD00029FDF92D01DC1B2200E0122200252B4645
:10CBE000F3F720FD794A2B46F3F734FD36187848E1
:10CBF00030187849884200D99CE0787A0299084335
:10CC00007872701D0A21F4F79AFE06465E48724952
:10CC10008E420DDC218809B2049A914208DD16216A
:10CC2000415E012904DB6F49704A0A80028281E07B
:10CC300006826A49711843229200531C99420DD210
:10CC400006AB1B88048BE40608D5AF24640050347F
:10CC50001BB2A34202DD029BBB7002E0BB78002B3B
:10CC600011D0604B604C1C80008BC00608D506A814
:10CC7000914205D8AF214900008800B2884259DAB4
:10CC80000198B87056E056498E420FDB6C21415A2C
:10CC9000028BD2060CD50AB2632A09DC30460A3070
:10CCA00046E0798300210AE7D40300206C21415A31
:10CCB000642902D1008BC00638D44A48068039E086
:10CCC0006A0200206005002068F7FFFF68F7000097
:10CCD000A30300002E4826490A5C08184078000289
:10CCE000801804990939414305980C1806A8048056
:10CCF0003879002800D02FE76620234B1C522448A7
:10CD00001B490A5C08184078000280180A21484331
:10CD10000019D88100B21F4D401900F0FBFA1E49DE
:10CD200008701E4908706019059027E730460A38D8
:10CD30002C490880012000F0A1F8059A787A810733
:10CD400000D4C9E60399B984C00700D1C7E60698A4
:10CD500078853A853E84F6F7A5FF07B0F0BDC0465A
:10CD600000E400004B020000D40300206A0200200F
:10CD700000E400004D020000240A0020FF7F0000B4
:10CD80002F7500005EEA000060050020D60200005A
:10CD90004F02000055F5FFFF00040020140400209E
:10CDA00051020000FFFFF301FFFFA306AB0A0000E2
:10CDB000FFFF3DFEFEFF630084FEFFFFA2060000B2
:10CDC00001040020490200008A02000080969800B9
:10CDD000BFE0FFFF0EA40000890C0000C3F0FFFFBE
:10CDE00031110000E40900204A1000008A0C000004
:10CDF00080B5FEF71BFB80BD01221207824015485B
:10CE0000002902D00168114301E0016891430160EB
:10CE10007047C046B0B5C46801788B009C40456837
:10CE200082682A438A402243112424048C400F251F
:10CE30009D402543074B1C68AC4314431C600069AC
:10CE40004900884003228A40596891430143596050
:10CE5000B0BDC04658C40040DA490A68002803D073
:10CE600001208005024300E092B20A607047C0468C
:10CE7000014908607047C04660C40040CB490A6859
:10CE80000123002801D01A4300E09A430A6070474A
:10CE9000F0B589B0441E674B1B69022C03920293C4
:10CEA00003D8A2009C4B9B5801E001221307FF24EA
:10CEB000E5439A4A2E46176D761C01D01F40FAD0E2
:10CEC000FF35002E53D080008658042951D0012907
:10CED00000D094E0156E04200121FEF727FD3004F8
:10CEE00008902006311481430791ADB207AE05AF1B
:10CEF00004AC304629463A462346FDF7EBF905983F
:10CF0000089006980790691E30463A462346FDF77A
:10CF1000E1F90598C117474E3268D317801A994135
:10CF2000F4F700FA484A494BF4F70AFA04460D466A
:10CF30000398F4F7C0F902460B4620462946F4F759
:10CF4000FFF904460D467068F4F7ADF902460B464A
:10CF500020462946F3F7D8FEF4F72AF9F4F75EFBEA
:10CF60003B4900F02DFBF4F70FFB074647E02F4647
:10CF700045E0146E042003900121FEF7D7FC300633
:10CF80000890300A0790A4B207AE05AF04AB019336
:10CF9000304621463A46FDF79DF9059808900698D7
:10CFA0000790611E30463A46019BFDF793F9059CB8
:10CFB000002703983946FEF7B9FC59482018C117D5
:10CFC0001D4A3B46F3F72EFB0A02000E80180C1692
:10CFD000029A002A04D054495143544A89180A1429
:10CFE000D117861A8C41304632382046B84106DBCC
:10CFF00000211248801B0846A0412F4602DA38461D
:10D0000009B0F0BD0B48C269002A00D10C4A0D4698
:10D01000D31730462146F3F705FB0A222B46F3F7D8
:10D0200001FB084A921BA5412B46F3F713FBF4F7CB
:10D03000F5FA98E728000050E02801004448000075
:10D0400050460000384A00009F2D31E0767634408B
:10D050000066D5C6F0B589B001460127401E2D4AAD
:10D060001668022803D880002B4A125800E03A07BD
:10D07000FF20C043294B04461D6D641C01D01540A0
:10D08000FAD0002C42D003968800C4581D6E0420AC
:10D0900002903946FEF74AFC20060890200A0790C5
:10D0A000AEB2019707AF05AC04AD38463146224613
:10D0B0002B46FDF70FF90598089006980790711E0A
:10D0C000384622462B46FDF705F9059C00260298B6
:10D0D0003146FEF72BFC0198C505281B01DA1048E4
:10D0E0002018C1170F4A3346F3F79CFA0902000EC5
:10D0F0004018AC4200DC4042039A002A07D00A499B
:10D1000051430A4A89180914401A00E0FF3009B057
:10D11000F0BDC046380000509CD7000000C400405D
:10D12000000080FF64DB010028BE00000000ECA0CE
:10D130001E494A68084B134002681A438368134328
:10D14000012292051A434A601F22D2010B689343C1
:10D150004068184308607047FFFFBF3C13490A68E6
:10D16000002802D00220024301E0024802400A6087
:10D170007047C046FDFF00000648016801220A43CF
:10D1800002607047034909680140481E8141084612
:10D190007047C04650C4004004490A6804239A43BB
:10D1A0000A600A6802430A607047C04640C40040F3
:10D1B00001210905034A13688B4313601168014379
:10D1C0001160704744C4004080B50120FFF712F899
:10D1D000002080BD0020704700207047F0B585B06A
:10D1E000044603A80025057002A90D8001AA157048
:10D1F000A37803700678A0791070E079088002980F
:10D20000127800028018088004A8057000780A28A7
:10D2100011D820460830274904AA1378DB00CB5ADE
:10D2200002AF3F881278BB4238D0521C04AB1A7050
:10D230001A780B2AF0D30120022E014600D329468A
:10D2400004AA12780A2A00D8284603AA127852089B
:10D250007D2A04D303A800210170FF2001E00143CF
:10D260004842EE21217020710020E0700520A0705E
:10D27000E0206070104800786071FCF78BFD0F496A
:10D2800008700121E171A071A0782518C01CC1B2FD
:10D290002046FBF771FBE87005B0F0BDD20089189D
:10D2A0004968884703A908700120022E0146C6D2AA
:10D2B000C6E7C046A8D800000802002009020020E6
:10D2C000FF2070470020704700207047FF20704704
:10D2D00043088B421AD3002203098B4279D3030AF5
:10D2E0008B425ED3030B8B4242D3030C8B4227D37A
:10D2F0000902FF2212BA030C8B4202D31212090256
:10D3000003D0030B8B4233D31AE0D3E0411A8041A0
:10D31000401C704703460B4371D443088B42F5D33E
:10D32000002203098B4254D3030A8B4239D3030BE7
:10D330008B421DD3030C8B4202D394466EE0090A44
:10D34000C30B8B4201D3CB03C01A5241830B8B42D8
:10D3500001D38B03C01A5241430B8B4201D34B03C1
:10D36000C01A5241030B8B4201D30B03C01A524126
:10D37000C30A8B4201D3CB02C01A5241830A8B42AB
:10D3800001D38B02C01A5241430A8B4201D34B0294
:10D39000C01A5241030A8B4201D30B02C01A5241F8
:10D3A000CDD2C3098B4201D3CB01C01A52418309AC
:10D3B0008B4201D38B01C01A524143098B4201D3E6
:10D3C0004B01C01A524103098B4201D30B01C01A11
:10D3D0005241C3088B4201D3CB00C01A524183088B
:10D3E0008B4201D38B00C01A524143088B4201D3B8
:10D3F0004B00C01A5241411A524110007047CA0FE7
:10D4000000D04942031000D34042534000229C46C2
:10D4100003098B422DD3030A8B4212D38901FC22CC
:10D4200012BA030A8B420CD3890192118B4208D3A2
:10D43000890192118B4204D3890137D0921100E007
:10D440008909C3098B4201D3CB01C01A5241830918
:10D450008B4201D38B01C01A524143098B4201D345
:10D460004B01C01A524103098B4201D30B01C01A70
:10D470005241C3088B4201D3CB00C01A52418308EA
:10D480008B4201D38B00C01A5241D9D243088B4240
:10D4900001D34B00C01A5241411A00D201465241F9
:10D4A000104663465B1000D34042704763465B10F2
:10D4B00000D3404201B50021004201D0C9430846D3
:10D4C000C046C04602BD10B500F016F8EFF300806C
:10D4D0004000800F012800D0002010BD10B500F0E2
:10D4E0003DF8EFF300804000800F012801D00120BB
:10D4F00010BD002010BD000070B501252D050C00E9
:10D500001C4310D4EC4206D4AC420AD4994200D059
:10D5100070BD904270BDE94217D4EB4215D49942D8
:10D5200070BD894270BDEC4206D5AC42F9D58B4244
:10D5300000D070BD824270BD6D004C00EC4204D240
:10D540005C00EC4201D28B4270BD034C30B4F4F766
:10D55000F9F830BC70BD00BF1900130470B5012587
:10D560002D050C001C4310D4EC4206D4AC420AD466
:10D57000994200D070BD904270BDE94217D4EB4291
:10D5800015D4994270BD894270BDEC4206D5AC42BB
:10D59000F9D58B4200D070BD824270BD6D004C0049
:10D5A000EC4204D25C00EC4201D28B4270BD034CD1
:10D5B00030B4F4F7C7F830BC70BD00BF19001604D2
:10D5C00070B50125ED0704004C4020D4441A01D267
:10D5D000001B0919C60D4B00F2B2FF2A29D01B0E01
:10D5E0002CD000020C0228432C43D31ADC4005192E
:10D5F00010D2280A02D3401C6D0611D0761EF60503
:10D600008019FF2A00DA70BDC00DC00570BD6940E9
:10D6100000F022F801200543C541521C761CE8E7C2
:10D6200064089C40C90161408900E7D10124A043FE
:10D63000E4E71B0E440200D0034870BD002AFCD171
:10D64000C00FC00770BD00BF0000C07F70B50125CE
:10D65000ED0704004C4022D4441A02D26C40001B57
:10D660000919C60D4B00F2B2FF2A4BD01B0E50D049
:10D6700000020C02A8432C43D31ADC40051B05D53D
:10D68000AD0019D36D08761E521E37D0F605280A54
:10D6900001D2801970BD70416D0603D070BD694024
:10D6A000FFF794FF9C4009026140490001D0401EF1
:10D6B00070BD0124A04370BD6D081DD001202B0C4E
:10D6C00001D12D0410302B0E01D12D0208302B0F6B
:10D6D00001D12D01001DAB0F01D1AD00801CEB0F5E
:10D6E00001D16D00401C361A121A6D00680AF5054A
:10D6F0004019012A02DB70BD002070BDC036300A1F
:10D70000C00770BD1B0E440201D1FF2B00D102489F
:10D7100070BD002AF0D070BD0000C07F80807F7E89
:10D720007D7C7B7A79787776767574737271717097
:10D730006F6E6E6D6C6C6B6A6A6968686766666549
:10D740006464636362616160605F5F5E5E5D5D5CD7
:10D750005C5B5B5A5A595958585757565655555548
:10D760005454535352525251515050504F4F4F4EA8
:10D770004E4D4D4D4C4C4C4B4B4B4A4A4A494949F6
:10D780004848484747474746464645454544444438
:10D79000444343434342424242414141000000204E
:10D7A000000000400000008000070E091C1B12153D
:10D7B000383F363124232A2D70777E796C6B626571
:10D7C000484F464154535A5DE0E7EEE9FCFBF2F561
:10D7D000D8DFD6D1C4C3CACD90979E998C8B828551
:10D7E000A8AFA6A1B4B3BABDC7C0C9CEDBDCD5D241
:10D7F000FFF8F1F6E3E4EDEAB7B0B9BEABACA5A231
:10D800008F88818693949D9A2720292E3B3C353220
:10D810001F18111603040D0A5750595E4B4C454210
:10D820006F68616673747D7A898E878095929B9C00
:10D83000B1B6BFB8ADAAA3A4F9FEF7F0E5E2EBECF0
:10D84000C1C6CFC8DDDAD3D4696E676075727B7CE0
:10D8500051565F584D4A4344191E171005020B0CD0
:10D8600021262F283D3A33344E49404752555C5BC0
:10D870007671787F6A6D64633E39303722252C2BB0
:10D880000601080F1A1D1413AEA9A0A7B2B5BCBBA0
:10D890009691989F8A8D8483DED9D0D7C2C5CCCB90
:10D8A000E6E1E8EFFAFDF4F30100010061BF0000DA
:10D8B000020001007FBF00000300010051BF000013
:10D8C00004000200CDD2000005000200C1D2000019
:10D8D00006000200C9D1000007000200C5D2000006
:10D8E00008000200C9D2000009000200D9D10000DE
:10D8F0000A00010051C000000B000200D5D1000059
:10D90000FFFF0000EEEE1111DDDD2222CCCC33331F
:10D91000BBBB4444AAAA555599998888666677770F
:10D920009EEA07009EEA07006706020000AE0000BC
:10D930007E7D0000166800009D5E00002B550000F3
:10D94000524D00001E460000AF3F0000A03C00000A
:10D95000F638000017370000DE3600000D370000F3
:10D96000FD350000E93400008B340000C6330000B0
:10D97000B73300003A32000097310000C731000091
:10D98000D23100005033000069340000D43500006B
:10D9900099370000813A0000193C0000803D0000EA
:10D9A000AA3D0000583D0000F43C0000FA3B000096
:10D9B000863B00006F3A0000303A00005539000005
:10D9C000D9380000DB370000433700008B360000F9
:10D9D000C2350000433500009F34000015340000BC
:10D9E0007F330000E6320000A4320000BB310000AB
:10D9F0007E310000EA30000088310000FB34000076
:10DA00000D3A0000BB3F00000F4500001A46000021
:10DA100073440000D64200004B400000BA3E0000B4
:10DA2000B93C0000AA3A000048390000293700003C
:10DA3000D7350000B73300000D33000082310000FD
:10DA400060300000A92F0000792E0000B02D0000EA
:10DA5000132C0000CA2B0000E52A0000222A000037
:10DA6000BB2900002F290000DC28000068280000E6
:10DA700067280000292800006F28000061280000A6
:10DA80008F280000C7280000E72800003029000088
:10DA900009290000FC290000222A0000C42A0000F5
:10DAA0001D2B00004F2B0000E42C00007D2D0000FA
:10DAB000AD2D0000AD2D0000AD2D000000000000D8
:10DAC0005D420E879C4603006D3EE0D4FE221200AC
:10DAD00090036B0109000000D82500000000000041
:10DAE000D3D63A028E0273028B0E0000741100002E
:10DAF000E3F3FFFFE70600008C13AEFCC0C2F4FFA7
:10DB00002001000000000020A8010000E81800002B
:10DB1000A0010000A8010020880C0000640500009E
:10DB2000020000006005002002000000000000006C
:10DB300002000000620500200200000064050020D1
:10DB4000020000006A050020020000000000000042
:10DB5000020000006C050020020000000000000030
:10DB6000020000006E05002002000000E409002011
:10DB7000020000007605002002000000740500206D
:10DB8000020000000000000002000000CC050020A0
:10DB9000020000007805002002000000FA020020C8
:10DBA00002000000FC02002002000000C805002066
:10DBB00002000000000000000200000084050020B8
:10DBC0000200000000000000020000000000000051
:10DBD00002000000800500200200000082050020F5
:10DBE00002000000DC05002002000000CA05002041
:10DBF0000200000086050020020000008A050020C7
:10DC0000020000008C0500200200000090050020AA
:10DC1000020000000000000002000000C00500201B
:10DC2000150000009205002008000000A705002054
:10DC300004000000BC050020020000008805002050
:10DC4000020000000000000002000000C2050020E9
:10DC5000020000000000000022000000000A002076
:10DC6000150000000000000002000000000000009D
:10DC70000200000008000020020000000E04002046
:10DC800002000000E609002002000000E809002070
:10DC900002000000EA0900201900000060060020D0
:10DCA0000B000000C206002002000000000000007F
:10DCB000020000000000000002000000D405002067
:10DCC000020000000000000002000000EC0900203B
:10DCD00002000000D605002009000000000000003E
:10DCE00002000000D805002002000000EE0900201C
:10DCF00002000000F009002002000000F2090020EC
:10DD000002000000F4090020040000006605002065
:10DD100002000000000000002000000000000000E1
:10DD2000020000002C060020180000000006002061
:10DD3000020000000000000004000000180600209F
:10DD4000040000003006002004000000240200202F
:10DD50000400000028020020040000003406002017
:10DD600002000000F609002002000000F80900206F
:10DD7000020000000000000002000000000000009F
:10DD8000040000001C060020040000002006002003
:10DD9000040000002806002002000000000000002F
:10DDA000020000003806002004000000000000000F
:10DDB0000400000004080020200000003A060020B3
:10DDC000040000000000000004000000000000004B
:10DDD000040000000000000004000000000000003B
:10DDE000150000000000000002000000000000001C
:10DDF000020000000A0000200200000008000020CD
:10DE000002000000060000200200000004000020C4
:10DE100002000000FC09002002000000FE090020B2
:10DE2000020000005C06002020000000000000004E
:10DE30002000000062060020200000008206002072
:10DE400020000000A206002002000000C4060020FE
:10DE500020000000C606002002000000E6060020A8
:10DE600002000000E8060020200000000000000082
:10DE700001000000EA06002001000000EB0600207F
:10DE800001000000EC06002001000000ED0600206B
:10DE900020000000EE060020020000000F07002016
:10DEA000020000000E0700202000000056040020A1
:10DEB000020000006C020020020000001604002096
:10DEC000200000001407002002000000C60500200A
:10DED0000900000042070020040000004B0700205A
:10DEE000020000000404002002000000500700208F
:10DEF00002000000A201002002000000FE07002036
:10DF0000020000006A020020040000005207002006
:10DF10001400000056070020200000000000000050
:10DF200020000000000000002000000000000000B1
:10DF3000020000006C07002020000000000000002C
:10DF4000020000006E07002002000000020800200E
:10DF50000400000070070020020000007407002089
:10DF60000200000000080020020000007E050020E2
:10DF70002000000000000000200000000000000061
:10DF80000400000076070020020000006A0700205D
:10DF90002000000000000000200000000000000041
:10DFA000120000007A070020120000008C070020F9
:10DFB000200000009E07002020000000BE07002077
:10DFC00020000000DE0700201200000008080020EA
:10DFD000030000001A080020030000001D080020B4
:10DFE0000300000020080020030000002308002098
:10DFF00020000000000000002000000000000000E1
:10E0000020000000000000000200000000000000EE
:10E010001200000026080020200000000000000080
:10E020000200000038080020200000003A0800200C
:10E03000020000005A080020020000005C080020D6
:10E040002000000066080020040000005E08002098
:10E05000200000008608002004000000A608002020
:10E0600018000000AA0800202000000000000000A6
:10E0700004000000C208002004000000C6080020C0
:10E0800004000000CE08002004000000CA080020A0
:10E090002000000000000000040000000209002031
:10E0A0002000000000000000200000000000000030
:10E0B0002000000000000000200000000000000020
:10E0C0002000000000000000200000000000000010
:10E0D0002000000000000000200000000000000000
:10E0E00020000000000000002000000000000000F0
:10E0F00010000000D20800202000000000000000F6
:10E1000020000000000000002000000000000000CF
:10E1100020000000E2080020020000002E0900207C
:10E1200020000000000000002000000000000000AF
:10E13000200000000000000004000000280900206A
:10E14000020000002C0900202000000030090020FF
:10E15000020000000609002020000000000000006E
:10E16000200000000000000020000000000000006F
:10E17000200000000000000020000000000000005F
:10E18000200000000000000020000000000000004F
:10E19000200000000000000020000000000000003F
:10E1A000200000000000000020000000000000002F
:10E1B000200000000000000020000000000000001F
:10E1C000200000000000000020000000000000000F
:10E1D00020000000000000002000000000000000FF
:10E1E00020000000000000002000000000000000EF
:10E1F00020000000000000002000000000000000DF
:10E2000020000000000000002000000000000000CE
:10E2100020000000000000002000000000000000BE
:10E2200020000000000000002000000000000000AE
:10E23000200000000000000020000000000000009E
:10E24000200000000000000020000000000000008E
:10E25000200000000000000020000000000000007E
:10E26000200000000000000020000000000000006E
:10E27000200000000000000020000000000000005E
:10E28000200000000000000020000000000000004E
:10E29000200000000000000020000000000000003E
:10E2A000200000000000000020000000000000002E
:10E2B000200000000000000020000000000000001E
:10E2C000200000000000000020000000000000000E
:10E2D00020000000080900202000000000000000CD
:10E2E00020000000000000002000000000000000EE
:10E2F0000F00000050090020200000000000000076
:10E3000020000000000000002000000000000000CD
:10E3100020000000000000000000000000000000DD
:10E3200000000000000000000000000000000000ED
:10E3300000000000000000000000000000000000DD
:10E3400000000000000000000000000000000000CD
:10E3500000000000000000000000000000000000BD
:10E3600000000000000000000000000000000000AD
:10E37000000000000000000000000000000000009D
:10E38000000000000000000000000000000000008D
:10E39000000000000000000000000000000000007D
:10E3A000000000000000000000000000000000006D
:10E3B000000000000000000000000000000000005D
:10E3C000000000000000000000000000000000004D
:10E3D000000000000000000000000000000000003D
:10E3E000000000000000000000000000000000002D
:10E3F000000000000000000000000000000000001D
:10E40000F00A0F000A00051401027C83D85E24453F
:10E41000F032F025821C9E158A10C20CEC09C6074A
:10E420002306E104E80326038D021502B501680105
:10E430002901F000D000AF0094007E006B005C006A
:10E440004F0044003B0033002C00270022001E0038
:10E450001A00180015001200800C410E5C0E770E99
:10E46000920EA90EBE0ED30EEA0E050F250F4C0F0D
:10E47000820FBF0FF90F35107310B110EA101B1186
:10E480005711370F7A0F7F0FAC0FAD0FB70E3D0F3F
:10E49000530F8B0F8D0F560EFD0E250F6A0F6C0F4D
:10E4A000090EC20EF50E430F450FD80D300E3E0E6D
:10E4B0004C0E4D0ED50CBF0DEA0D2A0E2C0E730C12
:10E4C000460D890DF20DF40DA40CF50C3B0DC30D9A
:10E4D000C50DA003C703F203F203F2039203B703CF
:10E4E000E803E803E80357039D03D503D503D503E9
:10E4F00034037A03BF03BF03BF0300000500800C91
:10E5000064007800280001000A000A000A0A480096
:10E510003C060706060A1E3246050F19283C320043
:10E520006400C800F4012003E803000000000000BC
:10E53000010005000A0014001E00280076111211C7
:10E54000645E800C100E000776111211645EE40CFC
:10E55000740E030A9B0C000F7611750E8C0EF600DC
:10E560000F192D3C0376110004000400047611807D
:10E570000780078007761100080008000876110060
:10E580000400040004761100040004000400006A82
:10E5900002B80B800CD80E9A100AFE1028FFFFC795
:10E5A0000000FFFFFFFF000000002B0100FFFFFF46
:10E5B000FF14000000E80300FFFFFFFF3C00000025
:10E5C000000000003C6211FFFF0A003200C409682D
:10E5D00010D0073011DC056400C8000500E803AC6A
:10E5E00019030000000000CC0C8C1000000000009B
:10E5F0001DE803A603090A0001001E052D05C80039
:10E600006405800100030A145F5A46321E0A05F5AC
:10E61000006F014A00B80090E80CFE027017F40188
:10E6200002860B1C0C023011CC1002F6FF0A0058B7
:10E6300002F40102BC025802029A103610AC0D100E
:10E640000E3C3200030550280019408615E4FFFDFA
:10E65000FF0000B452BC0A0A6162636465666768C1
:10E66000696A0000000000000000000008566572A2
:10E67000696469616E000000000000000000000095
:10E6800000044C494F4E4757334C30313335343604
:10E690004E443731465258314445464748494A4B23
:10E6A0004C4E4F5051304638593133373531503058
:10E6B00052313358433848434445464748494A4B0A
:10E6C0004C4E4F505130640C9ECB10122220FFFF55
:10E6D000FFFF100EDC05640005006400E6005E012B
:10E6E000280003001E00FCFF74334800EB93EC5F2E
:10E6F000BB0CA6941727F34267DEDDA331EF920F20
:10E70000AEF865D07AD366CC3734312D303130361F
:10E7100036ED7C3D3CEE820100D9820100BB8201D6
:10E720000001E10000D41F8006E787000000000020
:10E73000000000000000000000360000002F000074
:10E7400020150000403600000023000020150000C6
:10E7500040120A1C0CB80B4022CC3CF5080000000B
:10E7600000000000000000000000000000000000A9
:10E770000000000000000000000000000000000099
:10E780000000000000000000000000000000000089
:10E790000000000000000000000000000000000079
:10E7A0000000000000000000000000000000000069
:10E7B0000000000000000000000000000000000059
:10E7C0000000000000000000000000000000000049
:10E7D0000000000000000000000000000000000039
:10E7E0000000000000000000000000000000000029
:10E7F0000000000000000000000000000000000019
:10E800000000000000000000000000000000000008
:10E8100000000000000000000000000000000000F8
:10E8200000000000000000000000000000000000E8
:10E8300000000000000000000000000000000000D8
:10E8400000000000000000000000000000000000C8
:10E8500000000000000000000000000000000000B8
:10E8600000000000000000000000000000000000A8
:10E870000000000000000000000000000000000098
:10E880000000000000000000000000000000000088
:10E890000000000000000000000000000000000078
:10E8A0000000000000000000000000000000000068
:10E8B0000000000000000000000000000000000058
:10E8C0000000000000000000000000000000000048
:10E8D0000000000000000000000000000000000038
:10E8E0000000000000000000000000000000000028
:10E8F0000000000000000000000000000000000018
:10E900000000000000000000000000000000000007
:10E9100000000000000000000000000000000000F7
:10E9200000000000000000000000000000000000E7
:10E9300000000000000000000000000000000000D7
:10E9400000000000000000000000000000000000C7
:10E9500000000000000000000000000000000000B7
:10E9600000000000000000000000000000000000A7
:10E970000000000000000000000000000000000097
:10E980000000000000000000000000000000000087
:10E990000000000000000000000000000000000077
:10E9A0000000000000000000000000000000000067
:10E9B0000000000000000000000000000000000057
:10E9C0000000000000000000000000000000000047
:10E9D0000000000000000000000000000000000037
:10E9E0000000000000000000000000000000000027
:10E9F0000000000000000000000000000000000017
:10EA00000000000000000000000000000000000006
:10EA100000000000000000000000000000000000F6
:10EA200000000000000000000000000000000000E6
:10EA300000000000000000000000000000000000D6
:10EA400000000000000000000000000000000000C6
:10EA500000000000000000000000000000000000B6
:10EA600000000000000000000000000000000000A6
:10EA70000000000000000000000000000000000096
:10EA80000000000000000000000000000000000086
:10EA90000000000000000000000000000000000076
:10EAA0000000000000000000000000000000000066
:10EAB0000000000000000000000000000000000056
:10EAC0000000000000000000000000000000000046
:10EAD0000000000000000000000000000000000036
:10EAE0000000000000000000000000000000000026
:10EAF0000000000000000000000000000000000016
:10EB00000000000000000000000000000000000005
:10EB100000000000000000000000000000000000F5
:10EB200000000000000000000000000000000000E5
:10EB300000000000000000000000000000000000D5
:10EB400000000000000000000000000000000000C5
:10EB500000000000000000000000000000000000B5
:10EB600000000000000000000000000000000000A5
:10EB70000000000000000000000000000000000095
:10EB80000000000000000000000000000000000085
:10EB90000000000000000000000000000000000075
:10EBA0000000000000000000000000000000000065
:10EBB0000000000000000000000000000000000055
:10EBC0000000000000000000000000000000000045
:10EBD0000000000000000000000000000000000035
:10EBE0000000000000000000000000000000000025
:10EBF0000000000000000000000000000000000015
:10EC00000000000000000000000000000000000004
:10EC100000000000000000000000000000000000F4
:10EC200000000000000000000000000000000000E4
:10EC300000000000000000000000000000000000D4
:10EC400000000000000000000000000000000000C4
:10EC500000000000000000000000000000000000B4
:10EC600000000000000000000000000000000000A4
:10EC70000000000000000000000000000000000094
:10EC80000000000000000000000000000000000084
:10EC90000000000000000000000000000000000074
:10ECA0000000000000000000000000000000000064
:10ECB0000000000000000000000000000000000054
:10ECC0000000000000000000000000000000000044
:10ECD0000000000000000000000000000000000034
:10ECE0000000000000000000000000000000000024
:10ECF0000000000000000000000000000000000014
:10ED00000000000000000000000000000000000003
:10ED100000000000000000000000000000000000F3
:10ED200000000000000000000000000000000000E3
:10ED300000000000000000000000000000000000D3
:10ED400000000000000000000000000000000000C3
:10ED500000000000000000000000000000000000B3
:10ED600000000000000000000000000000000000A3
:10ED70000000000000000000000000000000000093
:10ED80000000000000000000000000000000000083
:10ED90000000000000000000000000000000000073
:10EDA0000000000000000000000000000000000063
:10EDB0000000000000000000000000000000000053
:10EDC0000000000000000000000000000000000043
:10EDD0000000000000000000000000000000000033
:10EDE0000000000000000000000000000000000023
:10EDF0000000000000000000000000000000000013
:10EE00000000000000000000000000000000000002
:10EE100000000000000000000000000000000000F2
:10EE200000000000000000000000000000000000E2
:10EE300000000000000000000000000000000000D2
:10EE400000000000000000000000000000000000C2
:10EE500000000000000000000000000000000000B2
:10EE600000000000000000000000000000000000A2
:10EE70000000000000000000000000000000000092
:10EE80000000000000000000000000000000000082
:10EE90000000000000000000000000000000000072
:10EEA0000000000000000000000000000000000062
:10EEB0000000000000000000000000000000000052
:10EEC0000000000000000000000000000000000042
:10EED0000000000000000000000000000000000032
:10EEE0000000000000000000000000000000000022
:10EEF0000000000000000000000000000000000012
:10EF00000000000000000000000000000000000001
:10EF100000000000000000000000000000000000F1
:10EF200000000000000000000000000000000000E1
:10EF300000000000000000000000000000000000D1
:10EF400000000000000000000000000000000000C1
:10EF500000000000000000000000000000000000B1
:10EF600000000000000000000000000000000000A1
:10EF70000000000000000000000000000000000091
:10EF80000000000000000000000000000000000081
:10EF90000000000000000000000000000000000071
:10EFA0000000000000000000000000000000000061
:10EFB0000000000000000000000000000000000051
:10EFC0000000000000000000000000000000000041
:10EFD0000000000000000000000000000000000031
:10EFE0000000000000000000000000000000000021
:04EFF000FFFF00001F
:0400000500000521D1
:00000001FF
